-- MySQL dump 10.13  Distrib 5.7.30, for Linux (x86_64)
--
-- Host: localhost    Database: project
-- ------------------------------------------------------
-- Server version	5.7.30-0ubuntu0.18.04.1

/*!40101 SET @OLD_CHARACTER_SET_CLIENT=@@CHARACTER_SET_CLIENT */;
/*!40101 SET @OLD_CHARACTER_SET_RESULTS=@@CHARACTER_SET_RESULTS */;
/*!40101 SET @OLD_COLLATION_CONNECTION=@@COLLATION_CONNECTION */;
/*!40101 SET NAMES utf8 */;
/*!40103 SET @OLD_TIME_ZONE=@@TIME_ZONE */;
/*!40103 SET TIME_ZONE='+00:00' */;
/*!40014 SET @OLD_UNIQUE_CHECKS=@@UNIQUE_CHECKS, UNIQUE_CHECKS=0 */;
/*!40014 SET @OLD_FOREIGN_KEY_CHECKS=@@FOREIGN_KEY_CHECKS, FOREIGN_KEY_CHECKS=0 */;
/*!40101 SET @OLD_SQL_MODE=@@SQL_MODE, SQL_MODE='NO_AUTO_VALUE_ON_ZERO' */;
/*!40111 SET @OLD_SQL_NOTES=@@SQL_NOTES, SQL_NOTES=0 */;

--
-- Table structure for table `bicycleRental`
--

DROP TABLE IF EXISTS `bicycleRental`;
/*!40101 SET @saved_cs_client     = @@character_set_client */;
/*!40101 SET character_set_client = utf8 */;
CREATE TABLE `bicycleRental` (
  `name` varchar(255) COLLATE utf8mb4_unicode_ci DEFAULT NULL,
  `address` varchar(255) COLLATE utf8mb4_unicode_ci DEFAULT NULL,
  `latitude` float DEFAULT NULL,
  `longitude` float DEFAULT NULL,
  `startTime` time DEFAULT NULL,
  `endTime` time DEFAULT NULL,
  `fee` tinyint(1) DEFAULT NULL,
  `ID` int(11) NOT NULL,
  PRIMARY KEY (`ID`)
) ENGINE=InnoDB DEFAULT CHARSET=utf8mb4 COLLATE=utf8mb4_unicode_ci;
/*!40101 SET character_set_client = @saved_cs_client */;

--
-- Dumping data for table `bicycleRental`
--

LOCK TABLES `bicycleRental` WRITE;
/*!40000 ALTER TABLE `bicycleRental` DISABLE KEYS */;
INSERT INTO `bicycleRental` VALUES ('호미곶광장','경상북도 포항시 남구 호미곶면 해맞이로 136',36.0768,129.566,'10:00:00','17:00:00',0,5000),('운하관크루즈','경상북도 포항시 남구 희망대로 1041',36.0125,129.224,'09:00:00','18:00:00',0,5001);
/*!40000 ALTER TABLE `bicycleRental` ENABLE KEYS */;
UNLOCK TABLES;

--
-- Table structure for table `carService`
--

DROP TABLE IF EXISTS `carService`;
/*!40101 SET @saved_cs_client     = @@character_set_client */;
/*!40101 SET character_set_client = utf8 */;
CREATE TABLE `carService` (
  `ID` int(11) NOT NULL,
  `name` varchar(255) DEFAULT NULL,
  `address` varchar(255) DEFAULT NULL,
  `phonenumber` varchar(255) DEFAULT NULL,
  PRIMARY KEY (`ID`)
) ENGINE=InnoDB DEFAULT CHARSET=utf8;
/*!40101 SET character_set_client = @saved_cs_client */;

--
-- Dumping data for table `carService`
--

LOCK TABLES `carService` WRITE;
/*!40000 ALTER TABLE `carService` DISABLE KEYS */;
INSERT INTO `carService` VALUES (15000,'(주)신제일종합정비','경상북도 포항시 남구 정몽주로 842(청림동)','054-292-5000'),(15001,'영신종합자동차정비','경상북도 포항시 북구 소티재로 112(우현동)','054-255-8801'),(15002,'주식회사 코리아와이드포항','경상북도 포항시 북구 새천년대로 1415(양덕동)','054-256-8500'),(15003,'(주)삼일이알씨','경상북도 포항시 남구 철강로 159(장흥동)','054-285-3032'),(15004,'(주)포항정비','경상북도 포항시 남구 호동로 122(호동)','054-282-0585'),(15005,'현대자동차(주)포항서비스센터','경상북도 포항시 남구 연일읍 동문로 102','054-286-2111'),(15006,'양덕종합모터스','경상북도 포항시 북구 흥해읍 삼흥로502번길 40','054-253-3651'),(15007,'(주)크레딧모터스','경상북도 포항시 남구 오천읍 냉천로560번길 19',''),(15008,'기아자동차(주)포항서비스센터','경상북도 포항시 북구 중앙로 185(죽도동)','054-240-8585'),(15009,'두마자동차종합정비','경상북도 포항시 북구 삼흥로 171(장성동)','054-242-5900'),(15010,'자일포항서비스(주)','경상북도 포항시 남구 연일읍 철강로 119','054-285-1122'),(15011,'서울자동차정비','경상북도 포항시 남구 중흥로73번길 7(상도동)','054-283-9700'),(15012,'신동아정비','경상북도 포항시 북구 흥해읍 삼흥로 599-24','054-262-4985'),(15013,'(주)한진포항자동차정비공장','경상북도 포항시 남구 대송로253번길 71(송내동)','054-289-5571'),(15014,'청림종합정비(주)','경상북도 포항시 남구 동해안로 6059-19(청림동)','054-292-6900'),(15015,'(주)하나모터스','경상북도 포항시 남구 연일읍 동문로76번길 54','054-285-0095'),(15016,'씨제이대한통운(주)포항지점정비공장','경상북도 포항시 남구 섬안로 59(괴동동)','054-288-1275'),(15017,'아성자동차정비공장','경상북도 포항시 북구 흥해읍 새마을로394번길 28','054-261-3700'),(15018,'(주)신동부종합정비','경상북도 포항시 남구 연일읍 형산강남로436번길 13','054-286-6688'),(15019,'태극종합자동차정비','경상북도 포항시 북구 흥해읍 덕실마을길3번길 34','054-262-3700'),(15020,'광명종합정비','경상북도 포항시 남구 연일읍 철강로107번길 52','054-285-5242'),(15021,'북포항현대자동차서비스(주)','경상북도 포항시 북구 청하면 동해대로 2353','054-232-8204'),(15022,'현대오토종합정비','경상북도 포항시 북구 아치로 189(우현동)','054-242-1100'),(15023,'(주)경북정비','경상북도 포항시 남구 동해안로 6059-16(청림동)','054-292-4040'),(15024,'르노삼성자동차포항정비사업소(주)','경상북도 포항시 남구 연일읍 동문로 88','054-286-1800'),(15025,'(주)인동티에스','경상북도 포항시 남구 대송면 송덕로212번길 252','054-286-3838'),(15026,'덕우종합정비','경상북도 포항시 북구 흥해읍 새마을로 270','054-261-2001'),(15027,'북포항종합자동차정비','경상북도 포항시 북구 소티재로 128(우현동)','054-241-4300'),(15028,'(주)인동이알씨','경상북도 포항시 남구 청림서길 63(청림동)','054-291-0011'),(15029,'(주)영화정비','경상북도 포항시 남구 연일읍 철강로 91','054-285-2000'),(15030,'금성자동차종합정비','경상북도 포항시 남구 연일읍 철강로107번길 67','054-286-6077'),(15031,'동아종합자동차정비','경상북도 포항시 북구 흥해읍 초곡길 107','054-262-2626'),(15032,'명성자동차검사정비','경상북도 포항시 남구 연일읍 형산강남로436번길 8','054-286-2442'),(15033,'동해자동차공업(주)','경상북도 포항시 북구 칠성천길 27(용흥동)','054-273-3307'),(15034,'거성자동차종합정비','경상북도 포항시 북구 흥해읍 삼흥로502번길 16-15','054-726-1141'),(15035,'포항자동차정비','경상북도 포항시 북구 새마을로 124(용흥동)','054-272-4614'),(15036,'하나종합정비','경상북도 포항시 남구 오천읍 장기로 1633','054-292-8700'),(15037,'강원자동차공업사','경상북도 포항시 남구 연일읍 동문로 6','054-286-2658'),(15038,'(주)한일공업','경상북도 포항시 남구 섬안로45번길 26(괴동동)','054-285-6000'),(15039,'원일종합정비','경상북도 포항시 북구 소티재로 140(우현동)','054-243-5400'),(15040,'영포자동차정비','경상북도 포항시 남구 연일읍 철강로107번길 46-10','054-286-3383'),(15041,'이동종합정비','경상북도 포항시 남구 연일읍 철강로107번길 20','054-285-7060'),(15042,'한국지엠북포항서비스센터','경상북도 포항시 북구 소티재로 102(우현동)','054-248-9951'),(15043,'대명종합자동차정비','경상북도 포항시 북구 아치로 159(우현동)','054-251-0035'),(15044,'(주)영남정비','경상북도 포항시 남구 청림서길10번길 17(청림동)','054-292-3000'),(15045,'(주)태원자동차정비','경상북도 포항시 남구 연일읍 동문로76번길 14','054-285-8007'),(15046,'원탑모터스','경상북도 포항시 남구 오천읍 정몽주로 793',''),(15047,'부강자동차정비','경상북도 포항시 북구 새천년대로1173번길 15-50(장성동)','054-254-0011'),(15048,'흥해종합정비','경상북도 포항시 북구 흥해읍 동해대로 1934','054-262-9008'),(15049,'대륙자동차종합정비','경상북도 포항시 남구 연일읍 동문로76번길 11','054-285-7575'),(15050,'광포중기정비','경상북도 포항시 남구 오천읍 냉천로 674','054-286-3866'),(15051,'성운종합정비','경상북도 포항시 북구 흥해읍 삼흥로 445','054-261-8900'),(15052,'이동서울자동차정비','경상북도 포항시 남구 포스코대로 104(이동)',''),(15053,'천일자동차정비','경상북도 포항시 남구 정몽주로 891(청림동)','054-292-0304'),(15054,'거성정비','경상북도 포항시 남구 정몽주로 835(청림동)','054-292-8600'),(15055,'(주)중앙자동차정비','경상북도 포항시 북구 삼호로 146(항구동)','054-248-5550'),(15056,'흥일자동차정비','경상북도 포항시 남구 희망대로 921(해도동)','054-283-6199'),(15057,'쌍용자동차포항정비사업소(주)','경상북도 포항시 북구 소티재로 66(우현동)','054-272-5582'),(15058,'삼천리자동차정비','경상북도 포항시 북구 칠성천길 63(대흥동)','054-275-3002'),(15059,'육일교통(주)','경상북도 포항시 남구 연일로 55-1(상도동)','054-282-6162'),(15060,'원형자동차정비','경상북도 포항시 남구 연일읍 철강로107번길 58','054-277-3382'),(15061,'오천자동차정비','경상북도 포항시 남구 정몽주로847번길 10-3(청림동)','054-292-6113'),(15062,'연일모터스','경상북도 포항시 남구 연일읍 형산강남로418번길 14','054-275-5254'),(15063,'(주)동성모터스 포항지점','경상북도 포항시 북구 새천년대로 569(용흥동)','054-272-7306'),(15064,'(주)경북모터스','경상북도 포항시 남구 새천년대로 230(효자동)','054-283-5336'),(15065,'삼보자동차정비업','경상북도 포항시 북구 삼호로 152(항구동)','054-248-7700'),(15066,'명진자동차정비','경상북도 포항시 남구 연일읍 동문로76번길 22','054-286-0780'),(15067,'신화자동차정비','경상북도 포항시 남구 동해안로 6065(청림동)','054-291-0044'),(15068,'신대성자동차정비공장','경상북도 포항시 북구 흥해읍 연화길 83',''),(15069,'한빛교통(주)','경상북도 포항시 북구 용흥로 149(용흥동)','054-232-4777'),(15070,'중앙모터스(주)포항점','경상북도 포항시 남구 새천년대로 210(효자동)','054-256-9004'),(15071,'개인택시정비사업소','경상북도 포항시 남구 연일읍 형산강남로436번길 6','054-286-3451'),(15072,'바디카클리닉','경상북도 포항시 남구 포스코대로 432(해도동)','054-274-7896'),(15073,'지성카센터','경상북도 포항시 남구 대이로 179(이동)','054-614-2046'),(15074,'일성카마스타','경상북도 포항시 남구 새천년대로434번길 12-7(대잠동)','054-275-6506'),(15075,'세진카정비','경상북도 포항시 남구 오천읍 냉천로 390',''),(15076,'양포자동차부분정비','경상북도 포항시 남구 장기면 동해안로 3288','054-272-1525'),(15077,'오토오아시스 이동점','경상북도 포항시 남구 희망대로 353(이동)','054-281-5566'),(15078,'진모터스','경상북도 포항시 북구 환호로 72-4(장성동)',''),(15079,'스피드메이트 장성점','경상북도 포항시 북구 새천년대로 1242-22(장성동)','054-275-5225'),(15080,'주식회사금아여행','경상북도 포항시 남구 중흥로 85(상도동)','054-272-6671'),(15081,'벽천카센터','경상북도 포항시 남구 희망대로 877(해도동)','054-281-7593'),(15082,'수현자동차정비','경상북도 포항시 북구 장량로31번길 4(장성동)','054-253-7722'),(15083,'화성써모','경상북도 포항시 북구 새천년대로 689(용흥동)','054-252-7161'),(15084,'KS오토밋션','경상북도 포항시 남구 연일읍 연일로 195','054-285-9915'),(15085,'풍림카서비스','경상북도 포항시 북구 장량로 209(양덕동)','054-256-9399'),(15086,'구삼오오(9355)카센타','경상북도 포항시 북구 법원로39번길 37(장성동)','054-251-9355'),(15087,'현대모터스','경상북도 포항시 북구 우창동로 25(우현동)','054-231-0078'),(15088,'행복한카클리닉','경상북도 포항시 북구 양덕남로 113(양덕동)','054-247-8843'),(15089,'행복자동차','경상북도 포항시 남구 효자동길1번길 18(효자동)','054-283-3104'),(15090,'현대자동차카클리닉송도점','경상북도 포항시 남구 송림로 106(송도동)','054-243-8204'),(15091,'블루라인카정비','경상북도 포항시 남구 문예로 106(대도동)','054-277-4196'),(15092,'타이어테크(항구점)','경상북도 포항시 북구 삼호로 148(항구동)','054-242-7774'),(15093,'현대자동차장량점','경상북도 포항시 북구 장성로 38(장성동)','054-251-8204'),(15094,'탑모터스','경상북도 포항시 북구 장량로 249(양덕동)',''),(15095,'금비모터스','경상북도 포항시 남구 상공로 265(해도동)','054-281-5741'),(15096,'금성정비','경상북도 포항시 남구 해병로 77(청림동)','054-292-7409'),(15097,'SYSTEM TIRE','경상북도 포항시 북구 흥해읍 한동로 386','054-282-0260'),(15098,'기능장카클리닉','경상북도 포항시 북구 흥해읍 동해대로 1548','054-262-2326'),(15099,'이성우자동차병원','경상북도 포항시 북구 죽파로 3-1(용흥동)','054-274-1145'),(15100,'윤정비기능장 메디컬센터','경상북도 포항시 북구 항도길4번길 4(학산동)','054-244-9977'),(15101,'한일커먼레일','경상북도 포항시 남구 연일읍 형산강남로 406','054-285-3710'),(15102,'프로미월드 죽도점','경상북도 포항시 북구 상대로 16(죽도동)','054-282-5175'),(15103,'대우정비포항점','경상북도 포항시 남구 중섬로 65(상도동)','054-282-1614'),(15104,'진삼카정비','경상북도 포항시 북구 흥해읍 삼흥로502번길 41','054-253-3232'),(15105,'월성종합카써비스','경상북도 포항시 남구 희망대로 1043(송도동)','054-283-3837'),(15106,'구구카클리닉','경상북도 포항시 남구 대이로 75-4(대잠동)','054-278-2776'),(15107,'청구카센타','경상북도 포항시 북구 새천년대로 1293(장성동)','054-251-2789'),(15108,'부부카클리닉','경상북도 포항시 북구 법원로51번길 4(장성동)','054-252-3811'),(15109,'서진 카포스','경상북도 포항시 남구 대송면 대송로 37-5','054-278-1472'),(15110,'성호공업사','경상북도 포항시 남구 오천읍 냉천로598번길 26','054-291-5663'),(15111,'장군자동차공업사','경상북도 포항시 남구 송림로 66-1(송도동)','054-241-7039'),(15112,'대성자동차정비','경상북도 포항시 북구 용당로 77(대흥동)','054-272-8292'),(15113,'장일셀프세차정비','경상북도 포항시 북구 새천년대로 1279(장성동)','054-254-4383'),(15114,'제철카클리닉','경상북도 포항시 남구 효자동길5번길 13(효자동)','054-281-5814'),(15115,'원동카서비스','경상북도 포항시 북구 서동로 46-1(신흥동)','054-246-6834'),(15116,'보광자동차정비','경상북도 포항시 남구 연일읍 동문로 23','054-286-5179'),(15117,'현대자동차청림점','경상북도 포항시 남구 정몽주로 897(청림동)','054-292-5020'),(15118,'뉴현대A/S','경상북도 포항시 북구 선착로 63(학산동)','054-246-8835'),(15119,'원일자동차정비','경상북도 포항시 북구 새천년대로 1226(장성동)','054-252-0663'),(15120,'천만군자동차정비','경상북도 포항시 북구 새천년대로 1049-6(창포동)','054-251-2136'),(15121,'신천지세차장','경상북도 포항시 남구 희망대로 715(상도동)','054-277-9370'),(15122,'차사랑카서비스','경상북도 포항시 남구 연일읍 유강길9번길 41','054-278-7727'),(15123,'죠이카정비','경상북도 포항시 남구 희망대로 723(상도동)','054-277-0224'),(15124,'한영모터스(주) 포항','경상북도 포항시 남구 연일읍 연일중앙로 59','053-350-8932'),(15125,'차사랑카프라자','경상북도 포항시 남구 구룡포읍 하정로 243','054-276-1633'),(15126,'차재현자동차정비','경상북도 포항시 북구 삼호로321번길 14(두호동)','054-231-1555'),(15127,'유강카정비','경상북도 포항시 남구 연일읍 유강길9번길 28','054-278-0016'),(15128,'럭키카클리닉','경상북도 포항시 북구 삼호로 193(항구동)','054-242-7571'),(15129,'오천점기아오토큐','경상북도 포항시 남구 오천읍 철강로 795','054-292-8582'),(15130,'삼도모터스','경상북도 포항시 남구 연일읍 연일로 189','054-272-8291'),(15131,'애니카랜드양덕점','경상북도 포항시 북구 천마로 25(양덕동)','054-251-1472'),(15132,'서광카','경상북도 포항시 남구 상공로 188(대도동)','054-276-2766'),(15133,'지엔비오토모빌(주)포항서비스센터','경상북도 포항시 북구 흥해읍 소티재로 422-6(외5필지)',''),(15134,'엠케이테크자동차정비','경상북도 포항시 북구 학산로 22(대신동)','054-255-1366'),(15135,'해성정비','경상북도 포항시 남구 해병로 49-7(청림동)',''),(15136,'스피드메이트 포항신덕점','경상북도 포항시 북구 신덕로 247(장성동)',''),(15137,'한양','경상북도 포항시 남구 대송면 대송로 9','054-285-8234'),(15138,'오투모터스','경상북도 포항시 남구 연일읍 동문로 40-1','054-281-8844'),(15139,'광준카클리닉','경상북도 포항시 남구 연일읍 형산강남로436번길 27',''),(15140,'타이어프로 남구점','경상북도 포항시 남구 중앙로 80(해도동)','054-282-7171'),(15141,'현내카','경상북도 포항시 북구 기계면 기계로133번길 22','054-256-3850'),(15142,'강남모터스','경상북도 포항시 북구 법원로98번길 5(장성동)','054-255-2081'),(15143,'문덕자동차병원','경상북도 포항시 남구 오천읍 철강로 734-5','054-292-8988'),(15144,'대각정비','경상북도 포항시 남구 대송면 운제로 424','054-282-3017'),(15145,'대원자동차정비','경상북도 포항시 남구 연일읍 유강길9번길 43','054-255-5109'),(15146,'부경카센타','경상북도 포항시 북구 양덕남로 119(양덕동)','054-252-5109'),(15147,'효성프리미어모터스(주)','경상북도 포항시 남구 새천년대로 331-1(효자동)','054-270-1414'),(15148,'위드모터스 포항서비스','경상북도 포항시 남구 연일읍 동문로76번길 12','054-281-7007'),(15149,'최신자동차정비','경상북도 포항시 남구 동해안로 5922(일월동)','054-272-0433'),(15150,'동해모비스자동차정비','경상북도 포항시 남구 동해면 일월로 104','054-286-4225'),(15151,'대잠카클리닉','경상북도 포항시 남구 희망대로 664(대잠동)','054-283-5266'),(15152,'보쉬카서비스(오천점)20','경상북도 포항시 남구 오천읍 남원로 5','054-293-3339'),(15153,'형제카세차','경상북도 포항시 북구 흥해읍 흥해로 54','054-262-2534'),(15154,'금강밧데리','경상북도 포항시 남구 대이로63번길 4-1(대잠동)','054-275-8886'),(15155,'서진정비','경상북도 포항시 남구 대송면 운제로183번길 9',''),(15156,'기계자동차정비','경상북도 포항시 북구 기계면 근면길 8','054-242-6633'),(15157,'동양택시(주)','경상북도 포항시 북구 새천년대로 1532(여남동)','054-251-6024'),(15158,'희재모터스','경상북도 포항시 북구 죽장면 죽장로8번길 4','054-243-2657'),(15159,'평화카부분정비','경상북도 포항시 북구 흥해읍 동해대로 1480','054-261-9434'),(15160,'태양자동차 메디칼','경상북도 포항시 남구 오천읍 냉천로236번길 20','054-293-6607'),(15161,'타이어 대장','경상북도 포항시 북구 법원로115번길 42(장성동)','054-255-1980'),(15162,'영일만세차타이어카센타','경상북도 포항시 남구 연일읍 동문로 32','054-285-6574'),(15163,'제이아이모터스','경상북도 포항시 북구 삼흥로100번길 46-7(두호동)',''),(15164,'오토오아시스 연일공단점','경상북도 포항시 남구 연일읍 철강로 99','054-285-6245'),(15165,'삼도자동차정비','경상북도 포항시 북구 서동로 53(덕산동)','054-283-9494'),(15166,'아트몬스터 모터스','경상북도 포항시 북구 장량로114번길 5-2(장성동)','054-253-6035'),(15167,'한국지엠포항바로서비스','경상북도 포항시 북구 환호로 66(장성동)','054-278-8254'),(15168,'코리언모터스 죽도점','경상북도 포항시 북구 양학천로 28(죽도동)','054-284-1967'),(15169,'유진카서비스','경상북도 포항시 남구 오천읍 충무로 61','054-291-3555'),(15170,'늘푸른자동차클리닉','경상북도 포항시 북구 법원로 45-13(장성동)','054-252-8297'),(15171,'호성카월드','경상북도 포항시 남구 동해면 일월로 93-1','054-284-3322'),(15172,'현대카클리닉상도점','경상북도 포항시 남구 포스코대로 319(상도동)','054-272-8205'),(15173,'한전부분정비','경상북도 포항시 남구 희망대로 689(상도동)','054-272-8652'),(15174,'신성기업공사','경상북도 포항시 북구 송라면 동해대로 2762','054-232-1182'),(15175,'스마일자동차정비','경상북도 포항시 남구 연일읍 철강로 17','054-286-2552'),(15176,'현대카정비','경상북도 포항시 남구 오천읍 하원로 39','054-291-6715'),(15177,'한국타이어북구총판','경상북도 포항시 북구 새천년대로 1357(장성동)','054-256-0908'),(15178,'씽씽카랜드세차장','경상북도 포항시 북구 양덕남로 39(양덕동)','054-255-9976'),(15179,'정일세차장','경상북도 포항시 남구 동해안로 6053(청림동)','054-292-0235'),(15180,'양문호자동차병원','경상북도 포항시 북구 양학로 85(득량동)','054-274-0072'),(15181,'케이씨씨자동차종합병원','경상북도 포항시 남구 중앙로 24(해도동)','054-278-2878'),(15182,'영동자동차정비','경상북도 포항시 남구 연일읍 철강로 17','054-285-6878'),(15183,'동훈카써비스','경상북도 포항시 북구 양학로 3(득량동)','054-274-8177'),(15184,'티스테이션 두호점','경상북도 포항시 북구 삼호로 213(두호동)','054-247-8272'),(15185,'샬롬카써비스','경상북도 포항시 북구 상대로 8(죽도동)','054-281-7633'),(15186,'중앙자동차바퀴정비','경상북도 포항시 북구 중흥로225번길 50(용흥동)','054-275-9009'),(15187,'태성정비','경상북도 포항시 남구 대송면 장동홍계길62번길 12-42','054-285-5988'),(15188,'스피드메이트 득량점','경상북도 포항시 북구 새천년대로 515(득량동)',''),(15189,'기성카정비','경상북도 포항시 남구 서동로 146(송도동)','054-251-0088'),(15190,'대송자동차정비','경상북도 포항시 남구 대송면 제내길61번길 10','054-285-4262'),(15191,'더카모터스','경상북도 포항시 북구 중흥로310번길 14(죽도동)','054-2830-0010'),(15192,'서문카정비','경상북도 포항시 남구 오천읍 해병로 221','054-293-6543'),(15193,'배용식자동차병원','경상북도 포항시 남구 중섬로 17(대잠동)','054-274-5109'),(15194,'BOB정비','경상북도 포항시 남구 해동로 13(해도동)','054-281-0808'),(15195,'학산점기아오토큐','경상북도 포항시 북구 아호로 70(학산동)','054-244-8285'),(15196,'세광카써비스','경상북도 포항시 북구 중흥로171번길 23(죽도동)','054-273-5927'),(15197,'성우자동차정비','경상북도 포항시 북구 용흥로 293(용흥동)','054-241-6006'),(15198,'스피드메이트 해돋이점','경상북도 포항시 북구 삼호로 291(두호동)','054-247-7001'),(15199,'동남카프라자','경상북도 포항시 북구 동빈로 84(동빈1가)','054-249-3140'),(15200,'스피드메이트 포항제1점','경상북도 포항시 북구 중앙로 406(대신동, SK주유소)',''),(15201,'동우모터스','경상북도 포항시 북구 아치로 50-2(우현동)','054-244-5109'),(15202,'스피드메이트 이마트포항점','경상북도 포항시 남구 냉천로 10(인덕동)','054-283-5620'),(15203,'엘카정비','경상북도 포항시 북구 죽장면 죽장로 1899','054-277-8952'),(15204,'(주)한국타이어포항총판','경상북도 포항시 남구 새천년대로 438(대잠동)','054-283-8084'),(15205,'삼성부분정비','경상북도 포항시 남구 오천읍 냉천로 436','054-291-3598'),(15206,'티앤씨타이어','경상북도 포항시 북구 법원로 93(장성동)','054-231-9009'),(15207,'명성카세차장','경상북도 포항시 남구 문예로 156(해도동)','054-274-5955'),(15208,'스피드메이트 대잠점','경상북도 포항시 남구 희망대로 658(대잠동)','054-275-9449'),(15209,'정철호카써비스','경상북도 포항시 남구 희망대로 426-1(이동)',''),(15210,'보배드림','경상북도 포항시 남구 오천읍 남원로 5','054-292-4141'),(15211,'공성록부분정비','경상북도 포항시 북구 삼흥로233번길 5-9(장성동)','054-251-0082'),(15212,'라이브카클리닉','경상북도 포항시 남구 희망대로 737(상도동)','054-281-0951'),(15213,'도음카','경상북도 포항시 북구 흥해읍 도음로 905',''),(15214,'용카인테리어','경상북도 포항시 북구 삼흥로 79-11(장성동)','054-253-0129'),(15215,'보강자동차정비','경상북도 포항시 남구 오천읍 원동로 12','054-293-9173'),(15216,'한국타이어 중부판매(주)','경상북도 포항시 북구 중흥로300번길 24(죽도동)','054-274-6198'),(15217,'반도카프라자','경상북도 포항시 남구 운하로 172(송도동)','054-243-8833'),(15218,'학산카센타','경상북도 포항시 남구 효성로15번길 27-32(효자동)','054-281-8821'),(15219,'로타리카하우스','경상북도 포항시 북구 삼흥로 19(장성동)','054-247-7341'),(15220,'한국타이어포항직매소(주)','경상북도 포항시 북구 새천년대로 599(용흥동)','054-253-6262'),(15221,'타이어뱅크 북포항점','경상북도 포항시 북구 새천년대로 594(용흥동)','054-276-0999'),(15222,'국제종합카센타','경상북도 포항시 남구 새천년대로 448-1(대잠동)','054-282-1677'),(15223,'원평카정비','경상북도 포항시 북구 선착로77번길 15(항구동)','054-251-7895'),(15224,'타이어테크 흥해점','경상북도 포항시 북구 흥해읍 동해대로 1557','054-261-3086'),(15225,'에덴카센타','경상북도 포항시 북구 중앙로 413(우현동)','054-248-5971'),(15226,'이글카부분정비','경상북도 포항시 북구 양학천로 7(용흥동)','054-274-0590'),(15227,'제이스펙카정비','경상북도 포항시 남구 오천읍 원동로 110','054-281-5109'),(15228,'만능카클리닉','경상북도 포항시 북구 장량주택로22번길 2(양덕동)','054-251-0951'),(15229,'경일카클리닉','경상북도 포항시 남구 운하로 86(송도동)','054-274-6919'),(15230,'타이어프로기성점','경상북도 포항시 북구 새천년대로 916(우현동)','054-253-0088'),(15231,'영일디젤','경상북도 포항시 남구 오천읍 냉천로 316','054-292-5275'),(15232,'동문자동차','경상북도 포항시 남구 연일읍 동문로 31',''),(15233,'(주)카서비스투','경상북도 포항시 북구 대이로 188(득량동, 이마트)','054-281-0384'),(15234,'태성자동차정비','경상북도 포항시 북구 흥해읍 동해대로1954번길 20-1','054-262-4294'),(15235,'애니카랜드용흥점','경상북도 포항시 북구 용흥로 299(용흥동)','054-246-7838'),(15236,'승원정비','경상북도 포항시 남구 오천읍 하원로 46','054-293-5575'),(15237,'타이어뱅크영남판매 흥해지점','경상북도 포항시 북구 흥해읍 신흥로 897','054-262-0017'),(15238,'동정카정비','경상북도 포항시 남구 연일읍 연일로 180','054-285-5678'),(15239,'중한정비','경상북도 포항시 북구 청하면 청하로 2','054-255-8833'),(15240,'문수카서비스','경상북도 포항시 남구 연일읍 동문로 76','054-286-4805'),(15241,'동성공업사','경상북도 포항시 남구 대송면 운제로 167-34',''),(15242,'천안정비','경상북도 포항시 남구 대송면 철강로 234','054-286-0795'),(15243,'골든모터스','경상북도 포항시 북구 불종로 11-1(신흥동)','054-273-5109'),(15244,'왕성카정비','경상북도 포항시 북구 학산로 11(대신동)','054-277-7746'),(15245,'중앙24시정비','경상북도 포항시 북구 양학천로 19(죽도동)','054-281-5031'),(15246,'비학산카정비','경상북도 포항시 북구 신광면 신흥로 213','054-243-9672'),(15247,'한국지엠이동바로서비스,','경상북도 포항시 남구 이동로 4(이동)','054-278-7070'),(15248,'오성모터스','경상북도 포항시 남구 오천읍 해병로325번길 1','054-291-4040'),(15249,'삼진카클리닉','경상북도 포항시 남구 중앙로 120(해도동)','054-275-5131'),(15250,'타이어프로 연일점','경상북도 포항시 남구 연일읍 연일로 173(괴정리)','054-284-0066'),(15251,'포항모터스','경상북도 포항시 남구 해병로 77-1(청림동)','054-292-8300'),(15252,'재환카클리닉','경상북도 포항시 남구 구룡포읍 호미로 134','054-276-0801'),(15253,'(주)기분좋은타이어','경상북도 포항시 남구 희망대로 472(이동)','054-284-0900'),(15254,'대이점 블루핸즈','경상북도 포항시 남구 효자로 134(대잠동)','054-283-3211'),(15255,'문덕카써비스','경상북도 포항시 남구 오천읍 원동로 94','054-293-0133'),(15256,'심승현자동차정비','경상북도 포항시 북구 삼호로 71(대신동)','054-253-7676'),(15257,'고려자동차정비','경상북도 포항시 북구 소티재로 84(우현동)','054-274-9406'),(15258,'쌍용자동차써비스프라자','경상북도 포항시 남구 새천년대로 409(대잠동)','054-282-2601'),(15259,'현대정비','경상북도 포항시 북구 기계면 새마을로 1410','054-243-8585'),(15260,'애플카','경상북도 포항시 북구 상대로 39-1(죽도동)','054-277-4326'),(15261,'카젠용흥점','경상북도 포항시 북구 새천년대로 703(용흥동)','054-292-1020'),(15262,'형제중고타이어','경상북도 포항시 북구 새천년대로 1297-1(장성동)','054-255-3223'),(15263,'LG스타오토카서비스','경상북도 포항시 남구 오천읍 정몽주로 720','054-292-9973'),(15264,'준모터스','경상북도 포항시 북구 양덕남로 55(양덕동)','054-255-5569'),(15265,'대경경정비','경상북도 포항시 북구 희망대로659번길 86(죽도동)','054-283-0865'),(15266,'동원정비','경상북도 포항시 남구 대송면 운제로183번길 22','054-288-1274'),(15267,'유성카센타','경상북도 포항시 북구 중흥로255번길 4(죽도동)','054-283-0304'),(15268,'부경카정비세차','경상북도 포항시 남구 상공로 262-1(해도동)','054-283-5152'),(15269,'삼도카정비','경상북도 포항시 북구 흥해읍 도음로 895','054-262-8297'),(15270,'이재락자동차병원','경상북도 포항시 남구 새천년대로 363-15(대잠동)','054-275-2790'),(15271,'짱모터스','경상북도 포항시 북구 법원로116번길 14(장성동)','054-255-2234'),(15272,'캡틴카클리닉','경상북도 포항시 북구 우창동로 106(창포동)','054-249-9998'),(15273,'덕천세차장','경상북도 포항시 남구 연일읍 철강로 129','054-285-6135'),(15274,'동양디젤','경상북도 포항시 남구 연일읍 형산강남로 412','054-285-4657'),(15275,'온리원카','경상북도 포항시 북구 장성로 101(장성동)','054-275-3353'),(15276,'카라이프','경상북도 포항시 남구 중흥로70번길 7(상도동)','054-272-1285'),(15277,'현정카정비','경상북도 포항시 남구 연일읍 연일로 160-17','054-285-0366'),(15278,'원자동차정비','경상북도 포항시 북구 양학천로 233-1(죽도동)','054-272-5109'),(15279,'잘란카바른카만들기','경상북도 포항시 남구 오천읍 문덕서로 216-8','054-292-0528'),(15280,'태진정비','경상북도 포항시 남구 오천읍 냉천로 450','054-291-9358'),(15281,'웨스트모터스','경상북도 포항시 북구 천마로 35(양덕동)','054-252-2400'),(15282,'반디카서비스','경상북도 포항시 남구 오천읍 해병로 311','054-283-0700'),(15283,'협성카정비','경상북도 포항시 남구 문예로 149(해도동)','054-273-6550'),(15284,'태광사정비','경상북도 포항시 남구 오천읍 문덕로80번길 15','054-292-7235'),(15285,'굿타이어장성점','경상북도 포항시 북구 새천년대로 1337(장성동)','054-231-7753'),(15286,'신광카서비스','경상북도 포항시 북구 신광면 비학로 858','054-247-0867'),(15287,'스피드메이트양덕점','경상북도 포항시 북구 양덕남로 139(양덕동)','054-254-3388'),(15288,'SK스피드메이트이동점','경상북도 포항시 남구 희망대로382번길 6(이동)','054-282-8200'),(15289,'미광정비','경상북도 포항시 남구 오천읍 냉천로 540','054-291-6488'),(15290,'한국타이어남구총판','경상북도 포항시 남구 대이로 62(대잠동)','054-284-2911'),(15291,'경춘카센타','경상북도 포항시 남구 중앙로121번길 11(대도동)','054-272-1196'),(15292,'현자동차정비','경상북도 포항시 북구 장량로 227(양덕동)','054-255-8572'),(15293,'효자카정비','경상북도 포항시 남구 효성로30번길 6-1(효자동)','070-8922-2255'),(15294,'르노삼성자동차지정정비코너장성점','경상북도 포항시 북구 새천년대로 1329(장성동)','054-246-3993'),(15295,'베스트카서비스','경상북도 포항시 남구 운하로 70(송도동)',''),(15296,'미르젠세차장','경상북도 포항시 남구 오천읍 정몽주로 696','054-291-6571'),(15297,'뉴월드카써비스','경상북도 포항시 남구 상공로 14(대도동)','054-277-5141'),(15298,'유승카센타','경상북도 포항시 남구 구룡포읍 호미로 138','054-276-6696'),(15299,'구룡포점 현대자동차','경상북도 포항시 남구 구룡포읍 구룡포길 3-11','054-276-6020'),(15300,'서광자동차정비','경상북도 포항시 남구 희망대로 1005(해도동)','054-275-4677'),(15301,'대잠점기아오토큐','경상북도 포항시 남구 희망대로 719(상도동)','054-282-2833'),(15302,'이동점기아오토큐','경상북도 포항시 남구 포스코대로 100(이동)','054-277-8285'),(15303,'흥해점기아오토큐','경상북도 포항시 북구 흥해읍 동해대로 1471','054-261-6650'),(15304,'성신자동차정비','경상북도 포항시 남구 형산강남로 105(효자동)','054-251-3029'),(15305,'현진자동차정비','경상북도 포항시 남구 연일읍 유강길10번길 19','054-274-8030'),(15306,'타이어프로 포항양덕점','경상북도 포항시 북구 천마로 10(양덕동)','054-255-3533'),(15307,'옐로우오토모티브','경상북도 포항시 남구 대송면 남성길 23','054-283-8936'),(15308,'한국타이어티스테이션 인덕이마트점','경상북도 포항시 남구 냉천로 88(인덕동)','054-292-1111'),(15309,'한국타이어이동점','경상북도 포항시 남구 희망대로 490(대잠동)','054-262-2000'),(15310,'금강부분정비','경상북도 포항시 북구 양덕로30번길 38-14(양덕동)','054-252-7733'),(15311,'동양카정비','경상북도 포항시 북구 장량주택로4번길 2(양덕동)','054-244-8080'),(15312,'이박사카클리닉','경상북도 포항시 남구 오천읍 문덕로11번길 9-8',''),(15313,'원동카정비','경상북도 포항시 남구 오천읍 원동로131번길 15-15','054-293-5109'),(15314,'김영석카센타','경상북도 포항시 북구 소티재로 108(우현동, 동해안고속주유소)','054-243-8276'),(15315,'유진카센타','경상북도 포항시 남구 연일읍 동문로 89','054-283-3343'),(15316,'타이어프로 오천점','경상북도 포항시 남구 오천읍 충무로 3','054-292-2900'),(15317,'영일만카크리닉','경상북도 포항시 남구 동해면 동해안로 5790','054-285-4114'),(15318,'오일뱅크플러스포항서부점','경상북도 포항시 북구 용당로 25(용흥동)','054-283-7664'),(15319,'연일청우카센타','경상북도 포항시 남구 섬안로45번길 34(괴동동)','054-285-1317'),(15320,'인성카센타','경상북도 포항시 남구 새천년대로 333(효자동)','054-231-8588'),(15321,'강남카클리닉','경상북도 포항시 북구 창흥로 95(창포동)','054-248-9804'),(15322,'티에스모터스','경상북도 포항시 북구 기계면 기계로 156',''),(15323,'한국타이어 유강직영점','경상북도 포항시 남구 연일읍 유강길10번길 24','054-277-4589'),(15324,'동일자동차정비','경상북도 포항시 북구 삼호로 161(항구동)','054-248-6001'),(15325,'금호카센타','경상북도 포항시 북구 죽장면 죽장로 1','054-243-2670'),(15326,'청마정비','경상북도 포항시 남구 대송면 철강로 268','054-285-2656'),(15327,'한국타이어흥해대리점','경상북도 포항시 북구 흥해읍 동해대로 1484','054-261-1605'),(15328,'대유카센타','경상북도 포항시 북구 흥해읍 도음로 939','054-262-4853'),(15329,'효자그린카정비','경상북도 포항시 남구 효성로63번길 8(효자동)','054-274-1033'),(15330,'성지듸젤','경상북도 포항시 남구 연일읍 새마을로 781','054-278-4259'),(15331,'삼일카','경상북도 포항시 남구 희망대로 993(해도동)','054-274-5246'),(15332,'마이다스카클리닉','경상북도 포항시 남구 중앙로 39(해도동)','054-278-5188'),(15333,'신기종합정비','경상북도 포항시 남구 대송면 철강로 212','054-286-0009'),(15334,'자동차마을','경상북도 포항시 북구 장성로 84(장성동)','054-273-6969'),(15335,'대투정비','경상북도 포항시 남구 대송면 철강산단로 12-26',''),(15336,'퍼펙트자동차정비','경상북도 포항시 남구 오천읍 냉천로284번길 48-8','054-292-8900'),(15337,'대봉카서비스','경상북도 포항시 북구 아치로 50-2(우현동)','054-252-0114'),(15338,'신명성카센타','경상북도 포항시 북구 흥해읍 흥해로82번길 39','054-261-0400'),(15339,'타이어클럽','경상북도 포항시 남구 효성로 97(효자동)','054-278-0988'),(15340,'에스케이모터스','경상북도 포항시 남구 효성로15번길 5-1(효자동)','054-273-0951'),(15341,'타이어뱅크 포항점','경상북도 포항시 남구 중앙로 2(해도동)','054-272-6006'),(15342,'대호카정비','경상북도 포항시 남구 오천읍 원동로 110','070-7787-6439'),(15343,'해맞이자동차정비','경상북도 포항시 북구 삼호로 434-8(환호동)','054-252-9999'),(15344,'현대자동차오천점','경상북도 포항시 남구 오천읍 정몽주로 625','054-292-4473'),(15345,'거송종합밋숑데후','경상북도 포항시 남구 오천읍 장기로 1619','054-281-4566'),(15346,'하람모터스','경상북도 포항시 북구 장미길 69(우현동)',''),(15347,'으뜸자동차정비','경상북도 포항시 북구 천마로71번길 10(양덕동)','054-231-4057'),(15348,'화신오토로드','경상북도 포항시 북구 장량로113번길 14(장성동)','054-241-7002'),(15349,'칼라하우스','경상북도 포항시 남구 중앙로 26(해도동)','054-277-6111'),(15350,'두두카써비스','경상북도 포항시 남구 희망대로 725-1(상도동)','054-282-3655'),(15351,'미래정비','경상북도 포항시 남구 구룡포읍 용주로 25','054-276-5502'),(15352,'르노삼성 항구점','경상북도 포항시 북구 선착로77번길 11-1(항구동)','054-243-3331'),(15353,'이동카모터스','경상북도 포항시 남구 대이로 153(이동)','054-274-8290'),(15354,'선진자동차정비','경상북도 포항시 북구 장성로 3(장성동)','054-241-0909'),(15355,'애니카랜드죽도점','경상북도 포항시 북구 새천년대로 526(죽도동)','054-283-4777'),(15356,'르노삼성자동차 서비스바로코너 포항점','경상북도 포항시 남구 새천년대로 339(효자동)','054-274-3334'),(15357,'남도정비','경상북도 포항시 북구 새천년대로 548(죽도동)','054-273-3922'),(15358,'클린&원스톱','경상북도 포항시 남구 축항로 68(송도동)','054-283-9450'),(15359,'양덕점현대자동차','경상북도 포항시 북구 천마로46번길 28-8(양덕동)','054-253-8383'),(15360,'대한카클리닉','경상북도 포항시 북구 새천년대로 693(용흥동)','054-249-1475'),(15361,'용마루정비','경상북도 포항시 남구 해병로 15(청림동)','054-292-0773'),(15362,'금호계량자동차정비공업사','경상북도 포항시 북구 새천년대로1001번길 2-37(창포동)','054-243-3054'),(15363,'원스탑타이어','경상북도 포항시 북구 법원로 108(장성동)','054-247-0080'),(15364,'케이엠모터스','경상북도 포항시 남구 연일읍 유강길9번길 43','054-275-5109'),(15365,'팔복정비','경상북도 포항시 남구 연일읍 형산강남로418번길 51','054-285-5654'),(15366,'케이카클리닉','경상북도 포항시 북구 삼호로 446(환호동)','054-251-5456'),(15367,'청림점기아오토큐','경상북도 포항시 남구 동해안로 6051(청림동)','054-291-9077'),(15368,'금호타이어용덕대리점','경상북도 포항시 남구 오천읍 정몽주로616번길 6-5','054-291-1369'),(15369,'송도카모터스','경상북도 포항시 남구 희망대로 1053(송도동)','054-273-5711'),(15370,'스피드메이트 V2010','경상북도 포항시 남구 중앙로 52(해도동)','054-273-5178'),(15371,'신용카경정비','경상북도 포항시 북구 새마을로 57(용흥동, S-oil용흥주유소)','054-249-6165'),(15372,'애니카랜드 장성점','경상북도 포항시 북구 삼흥로 114(장성동)','054-251-2340'),(15373,'점보공업사','경상북도 포항시 남구 연일읍 동문로 20','054-285-1494'),(15374,'한상용자동차병원','경상북도 포항시 남구 상공로 222(해도동)','054-281-5022'),(15375,'신우카센타','경상북도 포항시 남구 오천읍 해병로347번길 22','054-291-1379'),(15376,'송라모터스','경상북도 포항시 북구 송라면 동해대로 2937','054-2469-3985'),(15377,'금호카서비스','경상북도 포항시 남구 철강로 188(장흥동)','054-286-1101'),(15378,'김문성자동차병원','경상북도 포항시 북구 학전로 73(두호동)','054-248-5209'),(15379,'의창밧데리','경상북도 포항시 북구 흥해읍 신흥로 896','054-261-2471'),(15380,'코리아종합세차장','경상북도 포항시 남구 오천읍 정몽주로 505-1','054-292-1502'),(15381,'제성기아','경상북도 포항시 남구 오천읍 냉천로 416','054-293-7764'),(15382,'명진카써비스','경상북도 포항시 북구 새마을로 10(용흥동)','054-277-8101'),(15383,'육공사카써비스','경상북도 포항시 남구 철강로 263(장흥동)','054-285-3604'),(15384,'형주자동차정비','경상북도 포항시 북구 삼호로321번길 20(두호동)','054-249-9114'),(15385,'남성자동차정비','경상북도 포항시 북구 흥해읍 중성로52번길 20','054-262-8898'),(15386,'달전점현대자동차','경상북도 포항시 북구 소티재로 173(우현동)','054-262-8204'),(15387,'쌍용카써비스','경상북도 포항시 남구 상공로 18-1(대도동)','054-276-0011'),(15388,'상태자동차정비','경상북도 포항시 북구 장량로 3(장성동)','054-249-6252'),(15389,'청하부분정비','경상북도 포항시 북구 청하면 청하로 161','054-232-0909'),(15390,'대한카센타','경상북도 포항시 북구 장성로 106(장성동)',''),(15391,'벧엘자동차정비','경상북도 포항시 북구 양덕남로8번길 31-13(장성동)','054-231-0659'),(15392,'(주)한국타이어제철판매','경상북도 포항시 남구 동해안로 5910(일월동)','054-286-0131'),(15393,'성화카클리닉','경상북도 포항시 북구 법원로63번길 16(장성동)','054-251-8409'),(15394,'천마카써비스','경상북도 포항시 북구 송라면 동해대로 3094','054-246-2553'),(15395,'김응용자동차병원','경상북도 포항시 남구 효자로118번길 14(효자동)','054-274-0658'),(15396,'상대전장','경상북도 포항시 남구 새천년대로 439-34(대잠동)','054-247-1528'),(15397,'포항밋션대후센타','경상북도 포항시 남구 대송면 제내길53번길 49','054-285-1995'),(15398,'삼성밧데리','경상북도 포항시 남구 양학천로 254(해도동)','054-275-0707'),(15399,'터미널오토타운','경상북도 포항시 남구 양학천로 200(해도동)','054-273-4767'),(15400,'용흥오토서비스','경상북도 포항시 북구 대안길 3(용흥동)','054-247-0909'),(15401,'대구카서비스','경상북도 포항시 남구 연일읍 동문로40번길 7','054-285-9449'),(15402,'오토랜드','경상북도 포항시 남구 오천읍 정몽주로 583','054-291-8881'),(15403,'뉴금강부분정비','경상북도 포항시 북구 대해로 62(죽도동)','054-278-7671'),(15404,'한동카써비스','경상북도 포항시 북구 학전로 69-6(두호동)','054-231-0951'),(15405,'대림첨단정비','경상북도 포항시 북구 용흥로 138(용흥동)','054-249-2277'),(15406,'안대천카서비스','경상북도 포항시 남구 연일읍 철강로 39','054-285-6861'),(15407,'대림카써비스','경상북도 포항시 북구 양학로 70-13(학잠동)','054-283-0451'),(15408,'대성카써비스','경상북도 포항시 남구 오천읍 철강로 824','054-291-6335'),(15409,'달전카써비스','경상북도 포항시 북구 흥해읍 소티재로 318','054-261-9158'),(15410,'두한모터스','경상북도 포항시 남구 오천읍 철강로 686','054-291-5919'),(15411,'강변부부카센타','경상북도 포항시 남구 축항로 112(송도동)','054-281-7814'),(15412,'애니카랜드대잠점','경상북도 포항시 남구 새천년대로 431-26(대잠동)','054-283-0322'),(15413,'O.K자동차정비','경상북도 포항시 북구 새천년대로 527-1(득량동)','054-282-4137'),(15414,'(주)영동기업','경상북도 포항시 남구 중흥로 63(상도동)','054-275-2373'),(15415,'카인드정비','경상북도 포항시 남구 오천읍 해병로 151','054-292-9987'),(15416,'현대자동차흥해점','경상북도 포항시 북구 흥해읍 동해대로 1529','054-262-8275'),(15417,'대해카클리닉','경상북도 포항시 남구 문예로126번길 6-1(해도동)','054-273-5431'),(15418,'서울카오토타운','경상북도 포항시 남구 효자로118번길 24(효자동)','054-275-7270'),(15419,'한일카정비센타','경상북도 포항시 북구 장량로145번길 26(양덕동)','054-282-5597'),(15420,'세븐모터스','경상북도 포항시 북구 양학천로 97(죽도동)','054-273-9727'),(15421,'현대자동차장성점','경상북도 포항시 북구 삼흥로 76(장성동)','054-246-8204'),(15422,'삼진카센타','경상북도 포항시 남구 해병로 9-1(청림동)','054-292-2989'),(15423,'애니카랜드청림점','경상북도 포항시 남구 동해안로 6055(청림동)','054-292-3530'),(15424,'동성카서비스','경상북도 포항시 남구 오천읍 정몽주로 754','054-292-4300'),(15425,'르노삼성자동차서비스코너상도점','경상북도 포항시 남구 상공로 23(상도동)','054-283-8474'),(15426,'일신종합카센타','경상북도 포항시 남구 대송면 철강로 264','054-285-6200'),(15427,'포항오토모빌','경상북도 포항시 남구 중섬로 58(상도동)','054-275-1665'),(15428,'애니카랜드 해도점','경상북도 포항시 남구 중앙로 95-1(해도동)','054-282-2266'),(15429,'한라카서비스','경상북도 포항시 북구 새마을로 40-4(용흥동)','054-248-4636'),(15430,'명성모터스','경상북도 포항시 남구 연일읍 부조길291번길 37','054-273-7636'),(15431,'대일카케어','경상북도 포항시 북구 중흥로 286(죽도동)','054-272-9599'),(15432,'활주로종합카클리닉','경상북도 포항시 남구 정몽주로879번길 9-5(청림동)','054-291-3001'),(15433,'애니카랜드흥해점','경상북도 포항시 북구 흥해읍 흥해로 2','054-261-3621'),(15434,'인동 T.R','경상북도 포항시 남구 대송면 철강로 264','054-286-6207'),(15435,'대지타이어상사(주)','경상북도 포항시 남구 포스코대로 401(대도동)','054-273-4488'),(15436,'영진카클리닉','경상북도 포항시 북구 기계면 근면길 7','054-244-8837'),(15437,'영해자동차정비','경상북도 포항시 남구 송림로 80(송도동)','054-246-1901'),(15438,'대련부분정비','경상북도 포항시 북구 흥해읍 새마을로394번길 41','054-286-2126'),(15439,'차명가모터스','경상북도 포항시 남구 문예로 66(대도동)','054-276-3925'),(15440,'일진종합세차장','경상북도 포항시 북구 장성로 15(장성동)','054-253-4783'),(15441,'월드카서비스','경상북도 포항시 남구 희망대로 789-1(대도동)','054-281-7890'),(15442,'동국정비','경상북도 포항시 남구 대송면 송덕로126번길 8','054-278-4972'),(15443,'지쓰리모터스','경상북도 포항시 남구 희망대로 733-2(상도동)','054-274-9360'),(15444,'주원오토밋션','경상북도 포항시 남구 오천읍 냉천로284번길 48-6','054-292-4558'),(15445,'오토오아시스 양덕점','경상북도 포항시 북구 장량로174번길 30-1(양덕동)','054-231-0365'),(15446,'쌍용자동차오천서비스프라자','경상북도 포항시 남구 오천읍 냉천로270번길 28','054-284-5582'),(15447,'대창자동차정비','경상북도 포항시 북구 죽장면 새마을로 3918','054-242-5850'),(15448,'착한모터스','경상북도 포항시 북구 장량로 91(장성동)','054-248-4982'),(15449,'1등타이어','경상북도 포항시 북구 삼흥로 114(장성동)','054-232-6996'),(15450,'준모터스 포항','경상북도 포항시 남구 효성로 58(효자동)','054-274-6700'),(15451,'포항카클리닉','경상북도 포항시 북구 삼호로74번길 10(동빈1가)','054-252-1267'),(15452,'대우카포스','경상북도 포항시 남구 오천읍 해병로 371','054-292-1522'),(15453,'용수카인테리어','경상북도 포항시 남구 동해안로 5826(일월동)','054-286-6151'),(15454,'대도점 기아오토큐','경상북도 포항시 남구 포스코대로 399(대도동)','054-275-0562'),(15455,'타이어프로포항점','경상북도 포항시 북구 삼호로 137(항구동)','054-232-2121'),(15456,'대원카클리닉','경상북도 포항시 남구 중흥로172번길 47(대도동)','054-278-6950'),(15457,'(주)동방포항지사','경상북도 포항시 남구 대송로 167(괴동동)','054-289-1557'),(15458,'카엔지니어','경상북도 포항시 북구 아호로5번길 3(항구동)','054-253-7788'),(15459,'볼보정비','경상북도 포항시 남구 대송면 운제로 31','054-285-7790'),(15460,'벤츠마이스터','경상북도 포항시 북구 장량로 117(장성동)',''),(15461,'자동차마을정비','경상북도 포항시 남구 대해로 97(대도동)','054-278-1239'),(15462,'(주)경민티앤비','경상북도 포항시 남구 오천읍 문덕서로 212','054-293-8188'),(15463,'장기카센타','경상북도 포항시 남구 장기면 읍내길 43',''),(15464,'예스모터스','경상북도 포항시 북구 법원로51번길 41(장성동)','054-252-0017'),(15465,'동경카정비','경상북도 포항시 북구 법원로140번길 15(장성동)','054-231-7373'),(15466,'타이어테크 포항북부점','경상북도 포항시 북구 천마로 16(양덕동)','054-253-8878'),(15467,'코바모터스','경상북도 포항시 남구 오천읍 냉천로560번길 41',''),(15468,'대현정비','경상북도 포항시 남구 대송면 대송로 23-2','054-284-6423'),(15469,'카나무','경상북도 포항시 북구 중앙로 178(죽도동)','054-274-3350'),(15470,'(주)렉서스와이엠 포항','경상북도 포항시 남구 포스코대로 62(이동)','054-727-5621'),(15471,'㈜태영모터스','대구광역시 수성구 청수로 71(중동)','053-763-5800'),(15472,'만앤볼보공업사','경상북도 포항시 남구 대송면 운제로 31','054-284-9600'),(15473,'(주)한국타이어 포항터미널점','경상북도 포항시 북구 중흥로 119(죽도동)','054-274-5500'),(15474,'이동점 현대자동차','경상북도 포항시 남구 이동로 20(이동)','054-276-8204'),(15475,'타이어스토아','경상북도 포항시 남구 오천읍 문덕로43번길 31','054-292-8288'),(15476,'캡틴정비','경상북도 포항시 북구 흥해읍 흥해로82번길 26','054-262-1277'),(15477,'타이어테크 포항점','경상북도 포항시 북구 새천년대로 488(죽도동)','054-282-2344'),(15478,'대신점 현대자동차','경상북도 포항시 북구 선착로 1(대신동)','054-241-8272'),(15479,'와이비모터스','경상북도 포항시 남구 오천읍 냉천로 408-1',''),(15480,'제일카센타','경상북도 포항시 남구 오천읍 세계길 20','054-291-8608'),(15481,'명성카센타','경상북도 포항시 남구 연일읍 철강로 9',''),(15482,'진삼카보링센터','경상북도 포항시 북구 흥해읍 삼흥로502번길 41','054-253-3232'),(15483,'용마루정비','경상북도 포항시 남구 해병로 15(청림동)','054-292-0773'),(15484,'한일커먼레일','경상북도 포항시 남구 연일읍 형산강남로 406','054-285-3710');
/*!40000 ALTER TABLE `carService` ENABLE KEYS */;
UNLOCK TABLES;

--
-- Table structure for table `carWash`
--

DROP TABLE IF EXISTS `carWash`;
/*!40101 SET @saved_cs_client     = @@character_set_client */;
/*!40101 SET character_set_client = utf8 */;
CREATE TABLE `carWash` (
  `ID` int(11) NOT NULL,
  `address` varchar(255) DEFAULT NULL,
  `phoneNumber` varchar(255) DEFAULT NULL,
  `longitude` float DEFAULT NULL,
  `latitude` float DEFAULT NULL,
  `name` varchar(255) NOT NULL,
  PRIMARY KEY (`ID`)
) ENGINE=InnoDB DEFAULT CHARSET=utf8;
/*!40101 SET character_set_client = @saved_cs_client */;

--
-- Dumping data for table `carWash`
--

LOCK TABLES `carWash` WRITE;
/*!40000 ALTER TABLE `carWash` DISABLE KEYS */;
INSERT INTO `carWash` VALUES (9000,'경상북도 포항시 남구 오천읍 정몽주로 608','054-291-1369',35.9723,129.416,'용덕세차장'),(9001,'경상북도 포항시 남구 오천읍 정몽주로 189','054-292-8852',35.942,129.401,'용산세차장'),(9002,'경상북도 포항시 남구 송림로 17(송도동)','054-272-4739',36.0313,129.376,'송도세차장'),(9003,'경상북도 포항시 북구 중앙로 434-1(우현동)','054-246-5578',36.0506,129.362,'따봉세차장'),(9004,'경상북도 포항시 남구 문예로 156  (해도동)','054-274-5955',36.0181,129.371,'명성카세차장'),(9005,'경상북도 포항시 남구 구룡포읍 구룡포길 3-15','054-276-9991',35.9867,129.548,'삼웅세차장'),(9006,'경상북도 포항시 북구 대해로 62(죽도동)','054-278-7671',36.0234,129.36,'남부세차장'),(9007,'경상북도 포항시 북구 삼흥로 19(장성동)','054-247-7341',36.0638,129.379,'로타리세차장'),(9008,'경상북도 포항시 남구 희망대로 715(상도동)','054-277-9370',36.0097,129.352,'신천지세차장'),(9009,'경상북도 포항시 북구 흥해읍 남미질로 2','054-261-5539',36.1044,129.343,'무지개세차장'),(9010,'경상북도 포항시 남구 희망대로 945(해도동)','054-272-4537',36.0159,129.373,'장원세차장'),(9011,'경상북도 포항시 남구 청림남길 1(청림동)','054-292-4550',35.9964,129.405,'신풍세차장'),(9012,'경상북도 포항시 남구 동해안로 6053','054-292-7427',35.9945,129.403,'정일세차장'),(9013,'경상북도 포항시 남구 연일읍 연일로199번길 2','054-286-1913',35.9934,129.344,'영남세차장'),(9014,'경상북도 포항시 북구 포스코대로 243(죽도동)','054-286-4822',36.0228,129.352,'제일세차장'),(9015,'경상북도 포항시 북구 흥해읍 흥해로 54','054-262-2534',36.1094,129.347,'형제세차장'),(9016,'경상북도 포항시 남구 축항로 112(송도동)','054-281-7814',36.0301,129.381,'강변세차장'),(9017,'경상북도 포항시 남구 연일읍 철강로 129','054-285-6135',35.9889,129.357,'덕천세차장'),(9018,'경상북도 포항시 남구 상공로 180(대도동)','054-282-9177',36.0217,129.365,'아성세차장'),(9019,'경상북도 포항시 북구 새천년대로 552(죽도동)','054-272-9918',36.0235,129.352,'현광세차장'),(9020,'경상북도 포항시 남구 중앙로 166(해도동 천일고속사무실)우편 : 성원개발로 발송','054-272-1001',36.028,129.368,'고속터미널자가세차장'),(9021,'경상북도 포항시 남구 오천읍 해병로 267','054-291-0088',35.9711,129.412,'강군카케어'),(9022,'경상북도 포항시 북구 소티재로 66 (우현동)','054-248-8968',36.0575,129.356,'포항유업㈜'),(9023,'경상북도 포항시 남구 동해면 일월로160번길 1','054-284-2508',35.9881,129.451,'동해셀프세차장'),(9024,'경상북도 포항시 남구 중앙로 120(해도동)','054-275-5131',36.0238,129.369,'삼진카세차장'),(9025,'경상북도 포항시 남구 대이로 75-4(대잠동)','054-275-9904',36.022,129.34,'구구세차장'),(9026,'경상북도 포항시 북구 새천년대로 1279(장성동)','054-254-4383',36.0755,129.387,'장일셀프세차장'),(9027,'경상북도 포항시 남구 동해안로 5802 (일월동)','054-281-1230',35.991,129.428,'다솜상사'),(9028,'경상북도 포항시 남구 오천읍 해병로 173','054-293-0293',35.9793,129.409,'국제상사'),(9029,'경상북도 포항시 북구 흥해읍 한동로40번길 15','054-292-4958',36.1095,129.346,'신삼호세차장'),(9030,'경상북도 포항시 북구 선착로77번길 15 (항구동)','054-251-7895',36.0504,129.372,'원평카정비'),(9031,'경상북도 포항시 북구 법원로 45-13 (장성동)','054-252-8297',36.0788,129.385,'늘푸른자동차클리닉'),(9032,'경상북도 포항시 남구 연일읍 철강로 17','054-286-2552',35.9924,129.345,'스마일자동차정비'),(9033,'경상북도 포항시 남구 연일읍 동문로 32','054-285-8820',35.9929,129.352,'영일만세차타이어카센타'),(9034,'경상북도 포항시 북구 양덕남로 39 (장성동)','054-255-9976',36.0787,129.396,'씽씽카랜드세차장'),(9035,'경상북도 포항시 남구 대이로 79(대잠동)','054-277-9954',36.0224,129.34,'대림셀프세차타운'),(9036,'경상북도 포항시 남구 상공로 280-1 (해도동)','054-283-3837',36.0236,129.377,'월성24시셀프세차타운'),(9037,'경상북도 포항시 남구 연일읍 유강길17번길 3','054-243-1294',36.0046,129.319,'유강24시셀프세차장'),(9038,'경상북도 포항시 남구 해동로 13 (해도동)','054-241-6147',36.0205,129.374,'극동카인테리어세차장'),(9039,'경상북도 포항시 남구 연일읍 연일로 180','054-285-5678',35.9949,129.343,'동정세차장'),(9040,'경상북도 포항시 남구 대송면 철강로 268','054-285-9970',35.9819,129.37,'청마세차장'),(9041,'경상북도 포항시 남구 오천읍 냉천로 436','',35.9562,129.406,'문덕세차장'),(9042,'경상북도 포항시 북구 법원로98번길 52 (장성동)','054-251-3782',36.0827,129.391,'현대셀프세차장'),(9043,'경상북도 포항시 북구 새천년대로1259번길 11 (장성동)','054-255-2234',36.0755,129.384,'장성카써비스세차장'),(9044,'경상북도 포항시 남구 대송면 대송로 34','',35.9856,129.363,'세형세차장'),(9045,'경상북도 포항시 남구 연일읍 유강길10번길 29','054-272-3913',36.0057,129.322,'행복셀프세차장'),(9046,'경상북도 포항시 남구 대송면 철강로 266','054-286-1065',35.982,129.369,'여명세차장'),(9047,'경상북도 포항시 남구 오천읍 문덕서로 216-8','054-293-6277',35.9629,129.401,'잘란셀프세차장'),(9048,'경상북도 포항시 남구 상공로 262-1 (해도동)','054-283-5152',36.0232,129.374,'부경세차장'),(9049,'경상북도 포항시 북구 중흥로 148 (죽도동)','',36.0174,129.354,'포항카써비스세차장'),(9050,'경상북도 포항시 북구 양덕남로 49(양덕동)','054-246-0700',36.0787,129.398,'양덕셀프세차타운'),(9051,'경상북도 포항시 남구 문예로 106  (대도동)','',36.0164,129.367,'블루라인셀프세차장'),(9052,'경상북도 포항시 북구 장량로 227(양덕동)','',36.0822,129.406,'원진셀프세차타운'),(9053,'경상북도 포항시 남구 효성로15번길 27-27 (효자동)','',36.0077,129.338,'씽씽셀프세차장'),(9054,'경상북도 포항시 북구 용흥로 262 (용흥동)','054-247-1500',36.046,129.35,'포항대림셀프세차타운'),(9055,'경상북도 포항시 남구 오천읍 냉천로 258','054-292-1960',35.9714,129.409,'오렌지셀프세차'),(9056,'경상북도 포항시 북구 흥해읍 중성로 57','054-231-9990',36.1091,129.35,'흥해대림24시셀프세차타운'),(9057,'경상북도 포항시 남구 효성로81번길 11(효자동)','',36.0069,129.343,'효자손세차'),(9058,'경상북도 포항시 북구 장성로 84 (장성동)','054-249-1022',36.0838,129.393,'세양셀프세차타운'),(9059,'경상북도 포항시 남구 대송면 운제로 11','054-285-9998',35.9872,129.36,'한진세차장'),(9060,'경상북도 포항시 남구 연일읍 동문로 89','054-283-3343',35.9981,129.352,'유진자동차정비세차장'),(9061,'경상북도 포항시 남구 오천읍 냉천로 276','054-292-0989',35.9699,129.41,'파워세차장'),(9062,'경상북도 포항시 남구 오천읍 문덕서로 172','054-285-5552',35.9595,129.398,'대송세차장'),(9063,'경상북도 포항시 남구 연일읍 연일로145번길 37','',35.9986,129.348,'버블샤워 셀프세차장'),(9064,'경상북도 포항시 남구 대송면 대송로 37-5','',35.9842,129.363,'서진세차장'),(9065,'경상북도 포항시 북구 흥해읍 흥해로81번길 30','',36.112,129.345,'퀸셀프세차장'),(9066,'경상북도 포항시 북구 법원로97번길 33(장성동)','',36.0835,129.382,'준혁이네 세차장'),(9067,'경상북도 포항시 남구 오천읍 해병로347번길 22','054-291-1379',35.9638,129.412,'신우세차장'),(9068,'경상북도 포항시 남구 연일읍 철강로 23','',35.9922,129.346,'좋은차 광택세차'),(9069,'경상북도 포항시 남구 대송면 운제로 51','',35.984,129.361,'현대세차장'),(9070,'경상북도 포항시 남구 효성로 29번길11(효자동)','',36.0075,129.337,'효성 손세차'),(9071,'경상북도 포항시 남구 오천읍 원동로 131번길 15-15','054-293-6900',35.9733,129.4,'원동셀프세차장'),(9072,'경상북도 포항시 북구 삼흥로 502번길40','',36.1033,129.372,'가자양덕자동차용품점'),(9073,'경상북도 포항시 남구 오천읍 냉천로270번길 25','',35.9705,129.407,'세진셀프세차장'),(9074,'경상북도 포항시 남구 오천읍 남원로 78','054-293-7676',35.9706,129.401,'OK셀프세차장'),(9075,'경상북도 포항시 북구 양덕로6번길 1 (양덕동)','',36.0848,129.402,'닦고손세차장'),(9076,'경상북도 포항시 북구 양덕남로 29(장성동)','054-231-8698',36.0786,129.395,'셀세모장성점'),(9077,'경상북도 포항시 남구 문예로 45(대도동)','',36.0115,129.364,'벽천세차장'),(9078,'경상북도 포항시 북구 법원로 93','',36.0571,129.378,'대한세차장'),(9079,'경상북도 포항시 남구 오천읍 문덕로24번길33-2','054-291-3331',35.9602,129.399,'동원식품'),(9080,'경상북도 포항시 남구 포스코대로91(이동)','',36.0257,129.336,'스타카워시'),(9081,'경상북도 포항시 남구 오천읍 문덕로79번길26','',35.9554,129.406,'버블스타'),(9082,'경상북도 포항시 북구 창흥로 23-1 (창포동)','',36.0623,129.368,'창포손스팀세차'),(9083,'경상북도 포항시 남구 오천읍 하원로25번길 9-6','',35.9721,129.403,'오토스파실내셀프세차장'),(9084,'경상북도 포항시 남구 효성로82번길 10-1(효자동)','054-4533-4332',36.0058,129.333,'스팀보이 포항점 셀프스팀손세차장'),(9085,'경상북도 포항시 북구 장량로 114번길 5-2','054-255-6035',36.0811,129.393,'아트몬스터'),(9086,'경상북도 포항시 북구 법원로 98번길5(장성동)','054-4557-2081',36.0838,129.386,'강남모터스'),(9087,'경상북도 포항시 남구 대송면 운제로183번길 9','054-277-1145',35.9722,129.363,'서진세차장'),(9088,'경상북도 포항시 북구 기계면 근면길 8','054-242-6633',36.0758,129.205,'기계자동차정비'),(9089,'경상북도 포항시 남구 포스코대로 374(대도동)','054-7736-9776',36.0158,129.363,'디하츠'),(9090,'경상북도 포항시 북구 법원로140번길 3(장성동)','',36.5136,129.231,'NOVA WASH'),(9091,'경상북도 포항시 남구 대이로159번길 5-13(이동)','',36.1418,129.202,'열이네디테일링세차'),(9092,'경상북도 포항시 북구 우창동로 126(창포동)','',36.338,129.226,'BUBU CAR CARE');
/*!40000 ALTER TABLE `carWash` ENABLE KEYS */;
UNLOCK TABLES;

--
-- Table structure for table `driveThruRestaurant`
--

DROP TABLE IF EXISTS `driveThruRestaurant`;
/*!40101 SET @saved_cs_client     = @@character_set_client */;
/*!40101 SET character_set_client = utf8 */;
CREATE TABLE `driveThruRestaurant` (
  `name` text COLLATE utf8mb4_unicode_ci,
  `address` text COLLATE utf8mb4_unicode_ci,
  `ID` int(11) NOT NULL AUTO_INCREMENT,
  PRIMARY KEY (`ID`)
) ENGINE=InnoDB AUTO_INCREMENT=1007 DEFAULT CHARSET=utf8mb4 COLLATE=utf8mb4_unicode_ci;
/*!40101 SET character_set_client = @saved_cs_client */;

--
-- Dumping data for table `driveThruRestaurant`
--

LOCK TABLES `driveThruRestaurant` WRITE;
/*!40000 ALTER TABLE `driveThruRestaurant` DISABLE KEYS */;
INSERT INTO `driveThruRestaurant` VALUES ('맥도날드 포항남부 DT점','경상북도 포항시 남구 새천년대로 470',1000),('맥도날드 포항장성 DT점','경상북도 포항시 북구 새천년대로 1261',1001),('맥도날드 포항북부 DT점','경상북도 포항시 북구 삼호로 202',1002),('스타벅스 포항쌍용 DT점','경상북도 포항시 남구 중흥로 122',1003),('스타벅스 포항장성 DT점','경상북도 포항시 북구 새천년대로 1255',1004),('스타벅스 포항죽도 DT점','경상북도 포항시 북구 새천년대로 486',1005),('버거킹 포항법원앞sk점',' 경상북도 포항시 북구 신덕로 257',1006);
/*!40000 ALTER TABLE `driveThruRestaurant` ENABLE KEYS */;
UNLOCK TABLES;

--
-- Table structure for table `electronicVehicleChargingStation`
--

DROP TABLE IF EXISTS `electronicVehicleChargingStation`;
/*!40101 SET @saved_cs_client     = @@character_set_client */;
/*!40101 SET character_set_client = utf8 */;
CREATE TABLE `electronicVehicleChargingStation` (
  `name` text COLLATE utf8mb4_unicode_ci,
  `address` text COLLATE utf8mb4_unicode_ci,
  `latitude` double DEFAULT NULL,
  `longitude` double DEFAULT NULL,
  `ID` int(11) NOT NULL DEFAULT '100',
  PRIMARY KEY (`ID`)
) ENGINE=InnoDB DEFAULT CHARSET=utf8mb4 COLLATE=utf8mb4_unicode_ci;
/*!40101 SET character_set_client = @saved_cs_client */;

--
-- Dumping data for table `electronicVehicleChargingStation`
--

LOCK TABLES `electronicVehicleChargingStation` WRITE;
/*!40000 ALTER TABLE `electronicVehicleChargingStation` DISABLE KEYS */;
INSERT INTO `electronicVehicleChargingStation` VALUES ('포항시청 ①','경상북도 포항시 남구 시청로1 포항시청',36.01871528,129.3438528,2000),('포항시청 ②','경상북도 포항시 남구 시청로1 포항시청',36.01871528,129.3438528,2001),('흥해읍사무소','경상북도 포항시 북구 흥해읍 동해대로 1511',36.10712969,129.3417259,2002),('포은중앙도서관','경상북도 포항시 북구 삼호로 31',36.04390913,129.3675824,2003),('이마트포항점','경상북도 포항시 남구 냉천로 10',35.99247451,129.3976279,2004),('영일대1주차장','경상북도 포항시 북구 해안로 82',36.056058,129.378003,2005),('남구청','경상북도 포항시 남구 희망대로 790',36.007796,129.3593239,2006),('현대자동차포항서비스센터','경상북도 포항시 남구 연일읍 동문로 102',35.99927974,129.353913,2007),('한국전력공사포항지사구룡포서비스센터','경상북도 포항시 남구 구룡포길101번길5-2',35.99253148,129.556231,2008),('포항시청소년수련관','경상북도 포항시 북구 삼호로 533',36.07541151,129.3960246,2009),('기아자동차포항서비스센터','경상북도 포항시 북구 중앙로 185',36.02964285,129.3663965,2010),('한국전력공사포항지사','경상북도 포항시 남구 희망대로 677',36.010721,129.3468505,2011),('한국전력공사북포항지사','경상북도 포항시 북구 흥해읍 흥해로 100',36.113712,129.3475814,2012),('포항문화원','경상북도 포항시 북구 새천년대로 909(우현동)',36.053382,129.3605209,2013),('연일읍사무소','경상북도 포항시 남구 연일읍 철강로 10',35.9917095,129.3437228,2014),('양덕한마음체육관','경상북도 포항시 북구 새천년대로 1460번길(양덕동)',36.041824,129.365649,2015),('포항철강관리공단','경상북도 포항시 남구 철강로 362(호동)',35.97822785,129.3791816,2016),('기계면사무소','경상북도 포항시 북구 기계면 근면길 14',36.0720197,129.209888,2017),('구룡포읍사무소','경상북도 포항시 남구 구룡포읍 호미로 133',35.985065,129.546103,2018),('대송다목적복지회관','경상북도 포항시 남구 대송면 운제로 111',35.97833233,129.3622292,2019),('양덕하나로마트','경상북도 포항시 북구 장량로 171(양덕동)',36.08216743,129.3984362,2020),('홈플러스포항점','경상북도 포항시 남구 중흥로 77(상도동)',36.01274153,129.3489235,2021),('롯데마트 포항지점','경상북도 포항시 남구 지곡로 237(지곡동)',36.02719446,129.3248441,2022),('애지중지카페','경상북도 포항시 남구 장기면 동해안로 2987',35.862552,129.525009,2023),('포항공과대학 포스빌6동주차장','경상북도 포항시 남구 지곡로 83(지곡동)',36.014028,129.324935,2024),('포항공항','경상북도 포항시 남구 동해면 일월로 18',35.98411499,129.4340373,2025),('선린대학교','경상북도 포항시 북구 흥해읍 초곡길 36번길30',36.09078367,129.3331548,2026),('GS슈퍼마켓포항창포점','경상북도 포항시 북구 새천년대로 1076번길 4(두호동)',36.063717,129.371843,2027),('오션힐스포항컨트리클럽(동해리조트주차장)','경상북도 포항시 북구 송라면 대전길 7-1',36.243753,129.359041,2028);
/*!40000 ALTER TABLE `electronicVehicleChargingStation` ENABLE KEYS */;
UNLOCK TABLES;

--
-- Table structure for table `overpass`
--

DROP TABLE IF EXISTS `overpass`;
/*!40101 SET @saved_cs_client     = @@character_set_client */;
/*!40101 SET character_set_client = utf8 */;
CREATE TABLE `overpass` (
  `ID` int(11) NOT NULL,
  `roadtype` varchar(255) DEFAULT NULL,
  `roadName` varchar(255) DEFAULT NULL,
  `address` varchar(255) DEFAULT NULL,
  `name` varchar(255) NOT NULL,
  PRIMARY KEY (`ID`)
) ENGINE=InnoDB DEFAULT CHARSET=utf8;
/*!40101 SET character_set_client = @saved_cs_client */;

--
-- Dumping data for table `overpass`
--

LOCK TABLES `overpass` WRITE;
/*!40000 ALTER TABLE `overpass` DISABLE KEYS */;
INSERT INTO `overpass` VALUES (10000,'일반국도','새천년대로','경상북도 포항시 북구 용흥동 628','남부육교'),(10001,'시도','삼흥로','경상북도 포항시 북구 두호동 1093','동부육교'),(10002,'시도','새천년대로','경상북도 포항시 북구 대흥동 646-20','포항역육교'),(10003,'일반국도','동해안로','경상북도 포항시 남구 동촌동 744-23','동촌육교'),(10004,'시도','희망대로','경상북도 포항시 남구 송도동 508','송도1육교'),(10005,'시도','희망대로','경상북도 포항시 남구 송도동 508','송도2육교'),(10006,'시도','포스코대로','경상북도 포항시 남구 지곡동 산57-4','지곡육교');
/*!40000 ALTER TABLE `overpass` ENABLE KEYS */;
UNLOCK TABLES;

--
-- Table structure for table `parkingLot`
--

DROP TABLE IF EXISTS `parkingLot`;
/*!40101 SET @saved_cs_client     = @@character_set_client */;
/*!40101 SET character_set_client = utf8 */;
CREATE TABLE `parkingLot` (
  `ID` int(11) NOT NULL,
  `name` varchar(255) COLLATE utf8mb4_unicode_ci DEFAULT NULL,
  `type` varchar(255) COLLATE utf8mb4_unicode_ci DEFAULT NULL,
  `address` varchar(255) COLLATE utf8mb4_unicode_ci DEFAULT NULL,
  `operatingDays` varchar(255) COLLATE utf8mb4_unicode_ci DEFAULT NULL,
  `fee` int(11) DEFAULT NULL,
  `paymentMethod` varchar(255) COLLATE utf8mb4_unicode_ci DEFAULT NULL,
  `latitude` float DEFAULT NULL,
  `longitude` float DEFAULT NULL,
  PRIMARY KEY (`ID`)
) ENGINE=InnoDB DEFAULT CHARSET=utf8mb4 COLLATE=utf8mb4_unicode_ci;
/*!40101 SET character_set_client = @saved_cs_client */;

--
-- Dumping data for table `parkingLot`
--

LOCK TABLES `parkingLot` WRITE;
/*!40000 ALTER TABLE `parkingLot` DISABLE KEYS */;
INSERT INTO `parkingLot` VALUES (11000,'시내노상','공영','경상북도 포항시 북구 덕산동 일원','평일+토요일',7000,'신용카드',36.0355,129.37),(11001,'어시장 앞','공영','경상북도 포항시 북구 해동로 187 일원','평일+토요일+공휴일',7000,'신용카드',36.0359,129.37),(11002,'북부시장 앞','공영','경상북도 포항시 북구 대신로26번길 5-1','평일+토요일',5000,'신용카드',36.0464,129.369),(11003,'영일대 노상','공영','경상북도 포항시 북구 해안로 63','평일+토요일',7000,'신용카드',36.0544,129.377),(11004,'해상공원 노상','공영','경상북도 포항시 북구 운하로 일원','토요일+공휴일',7000,'신용카드',36.0393,129.372),(11005,'죽도어시장','공영','경상북도 포항시 북구 칠성천길 141','평일+토요일+공휴일',7000,'신용카드',36.037,129.369),(11006,'칠성천 복개','공영','경상북도 포항시 북구 칠성천길 127','평일+토요일+공휴일',7000,'신용카드',36.0366,129.368),(11007,'오거리','공영','경상북도 포항시 북구 죽도시장4길 22','평일+토요일+공휴일',7000,'신용카드',36.0334,129.367),(11008,'동빈부두','공영','경상북도 포항시 북구 해동로 205','평일+토요일+공휴일',7000,'신용카드',36.0375,129.369),(11009,'송도 동빈내항','공영','경상북도 포항시 남구 운하로 130','평일+토요일+공휴일',5000,'신용카드',36.0352,129.371),(11010,'대해시장','공영','경상북도 포항시 남구 문예로 135','평일',5000,'신용카드',36.018,129.369),(11011,'큰동해시장','공영','경상북도 포항시 남구 중앙로134번길 35-8','평일',5000,'신용카드',36.0263,129.372),(11012,'상도','공영','경상북도 포항시 남구 상대로 68-3','평일',5000,'신용카드',36.0154,129.354),(11013,'대도','공영','경상북도 포항시 남구 대해로 122','평일',5000,'신용카드',36.0203,129.365),(11014,'죽도','공영','경상북도 포항시 북구 죽도로40번길 19','평일',5000,'신용카드',36.0316,129.364),(11015,'KTX 포항역','공영','경상북도 포항시 북구 흥해읍 이인리 114','평일+토요일+공휴일',5000,'신용카드',36.0735,129.341),(11016,'대이동(3공원)','공영','경상북도 포항시 남구 대이로127번길 12-10','평일+토요일+공휴일',5000,'신용카드',36.0271,129.34),(11017,'대이동(4공원)','공영','경상북도 포항시 남구 대이로95번길 6-7','평일+토요일+공휴일',5000,'신용카드',36.0242,129.34),(11018,'영일대2','공영','경상북도 포항시 북구 두호동 1002-3','평일+토요일',7000,'신용카드',36.0637,129.383),(11019,'영일대1','공영','경상북도 포항시 북구 두호동 1016-3','평일+토요일',7000,'신용카드',36.0618,129.381),(11020,'포항시청 부설','공영','경상북도 포항시 남구 시청로 1(대잠동)','평일',5000,'현금+신용카드',36.0187,129.344);
/*!40000 ALTER TABLE `parkingLot` ENABLE KEYS */;
UNLOCK TABLES;

--
-- Table structure for table `pharmacy`
--

DROP TABLE IF EXISTS `pharmacy`;
/*!40101 SET @saved_cs_client     = @@character_set_client */;
/*!40101 SET character_set_client = utf8 */;
CREATE TABLE `pharmacy` (
  `name` varchar(255) COLLATE utf8mb4_unicode_ci DEFAULT NULL,
  `phoneNumber` varchar(255) COLLATE utf8mb4_unicode_ci DEFAULT NULL,
  `address` varchar(255) COLLATE utf8mb4_unicode_ci DEFAULT NULL,
  `ID` int(11) NOT NULL,
  PRIMARY KEY (`ID`)
) ENGINE=InnoDB DEFAULT CHARSET=utf8mb4 COLLATE=utf8mb4_unicode_ci;
/*!40101 SET character_set_client = @saved_cs_client */;

--
-- Dumping data for table `pharmacy`
--

LOCK TABLES `pharmacy` WRITE;
/*!40000 ALTER TABLE `pharmacy` DISABLE KEYS */;
INSERT INTO `pharmacy` VALUES ('세종약국','054-254-2929','경상북도 포항시 북구 양덕로 47, 1층 (양덕동)',6000),('헤세드 온누리 약국','054-282-7292','경상북도 포항시 북구 중흥로 212 (죽도동)',6001),('정약국','054-285-3060','경상북도 포항시 북구 용당로 18, 1층 (용흥동)',6002),('천사온누리약국','054-254-9004','경상북도 포항시 북구 장량중앙로 52, 양덕프라자 103층 (양덕동)',6003),('스타약국','054-248-2030','경상북도 포항시 북구 장량로31번길 54, 102호 (장성동)',6004),('열린약국','054-244-6655','경상북도 포항시 북구 새천년대로 1051, 1층 (창포동)',6005),('오렌지약국','054-255-2229','경상북도 포항시 북구 새천년대로 1053 (창포동)',6006),('천우당온누리약국','054-247-3863','경상북도 포항시 북구 중앙로 261, 1층 (남빈동)',6007),('굿모닝약국','054-262-6658','경상북도 포항시 북구 흥해읍 중성로 62, 나동 1호 (대성빌라2차)',6008),('포항제일약국','054-278-7575','경상북도 포항시 북구 중흥로 325 (죽도동)',6009),('포항세명약국','054-244-9801','경상북도 포항시 북구 중앙로 242 (죽도동)',6010),('햇님약국','054-242-8833','경상북도 포항시 북구 새천년대로933번길 5 (우현동)',6011),('햇살약국','054-251-0574','경상북도 포항시 북구 해동로 303, 채움병원 1층 (동빈1가)',6012),('우리약국','054-255-8275','경상북도 포항시 북구 새천년대로1075번길 1, 1층 (창포동)',6013),('제일약국','054-272-2416','경상북도 포항시 북구 중흥로191번길 16 (죽도동)',6014),('진약국','','경상북도 포항시 북구 중흥로 331-1 (죽도동)',6015),('봄온누리약국','054-283-1981','경상북도 포항시 북구 침촌마을길 12-9 (장성동, 바로정형외과내과의원)',6016),('양덕미래약국','054-256-2454','경상북도 포항시 북구 법원로 165, 105호 (양덕동)',6017),('조은약국','054-274-9178','경상북도 포항시 북구 새천년대로 529 (득량동)',6018),('펭귄 온누리약국','054-615-2902','경상북도 포항시 북구 새천년대로 1222 (장성동)',6019),('참좋은약국','054-249-0044','경상북도 포항시 북구 용두산길 39 (장성동, 그린종합상가)',6020),('오현당약국','054-251-8272','경상북도 포항시 북구 두호로 24 (두호동)',6021),('양덕건강한약국','054-255-1478','경상북도 포항시 북구 천마로 74 (양덕동)',6022),('신광동약국','054-232-0402','경상북도 포항시 북구 대신로 38 (대신동)',6023),('한사랑약국','054-282-5661','경상북도 포항시 북구 죽도로 36-1 (죽도동)',6024),('드림약국','054-231-0947','경상북도 포항시 북구 장량로 79 (양덕동)',6025),('한아름약국','','경상북도 포항시 북구 새천년대로 906 (우현동)',6026),('달전약국','054-262-4818','경상북도 포항시 북구 흥해읍 도음로 991, 1층',6027),('튼튼약국','054-242-6060','경상북도 포항시 북구 법원로 157 (양덕동)',6028),('대학사약국','054-246-7740','경상북도 포항시 북구 서동로 61-1 (덕산동)',6029),('행복약국','054-262-9551','경상북도 포항시 북구 흥해읍 한동로 29',6030),('늘푸른온누리약국','','경상북도 포항시 북구 새천년대로 1317 (장성동)',6031),('소망온누리약국','054-256-8300','경상북도 포항시 북구 천마로 96 (양덕동)',6032),('좋은이웃약국','054-261-1606','경상북도 포항시 북구 흥해읍 중성로32번길 25',6033),('정성약국','054-232-5800','경상북도 포항시 북구 장량로 160 (양덕동)',6034),('새경북약국','054-232-8989','경상북도 포항시 북구 중앙로 241 (죽도동)',6035),('한동약국','054-231-9191','경상북도 포항시 북구 대신로 41 (대신동)',6036),('두꺼비약국','054-247-2455','경상북도 포항시 북구 불종로 57 (상원동)',6037),('참기쁨약국','054-231-7766','경상북도 포항시 북구 천마로 55 (양덕동)',6038),('힘찬약국','','경상북도 포항시 북구 중흥로 171 (죽도동)',6039),('다나온누리약국','054-254-9004','경상북도 포항시 북구 신덕로 248 (양덕동)',6040),('한독약국','054-231-2174','경상북도 포항시 북구 중앙로 228 (죽도동)',6041),('헬스플러스약국','054-282-4424','경상북도 포항시 북구 중흥로 315-2 (죽도동)',6042),('신아약국','054-273-1228','경상북도 포항시 북구 양학로 47-1 (득량동)',6043),('건강한약국','054-254-9957','경상북도 포항시 북구 법원로11번길 30 (장성동)',6044),('신국제약국','054-252-1830','경상북도 포항시 북구 중앙상가2길 21 (남빈동)',6045),('우현열린약국','054-246-0369','경상북도 포항시 북구 중앙로 438 (우현동)',6046),('거북이약국','054-253-2716','경상북도 포항시 북구 중흥로 340 (죽도동)',6047),('흥해우리약국','054-261-5847','경상북도 포항시 북구 흥해읍 한동로 42',6048),('온새미로약국','054-272-9809','경상북도 포항시 북구 양학로 51 (득량동)',6049),('오거리약국','054-251-0111','경상북도 포항시 북구 중흥로 343 (죽도동)',6050),('늘푸른약국','054-276-3989','경상북도 포항시 북구 중흥로 299 (죽도동)',6051),('미래약국','054-273-9652','경상북도 포항시 북구 중흥로 345 (죽도동)',6052),('온누리인해약국','054-232-3816','경상북도 포항시 북구 청하면 청하로 221',6053),('메디칼약국','054-254-4141','경상북도 포항시 북구 용흥로 30 (용흥동)',6054),('청하약국','054-243-6100','경상북도 포항시 북구 청하면 청하로 210',6055),('하나로약국','054-230-5453','경상북도 포항시 북구 장량로 171 (양덕동)',6056),('나을약국','054-262-8799','경상북도 포항시 북구 흥해읍 흥해로 23',6057),('용약국','054-246-1515','경상북도 포항시 북구 대안길 64, 1층 101호 (용흥동, 우방토파즈)',6058),('온가족약국','054-248-1112','경상북도 포항시 북구 삼호로 287 (두호동)',6059),('진보약국','054-247-1171','경상북도 포항시 북구 중앙로 394 (대신동)',6060),('효성약국','054-244-1611','경상북도 포항시 북구 기계면 기계로56번길 1',6061),('신신약국','054-249-3116','경상북도 포항시 북구 새마을로15번길 3-1 (대흥동)',6062),('스마일약국','054-284-0064','경상북도 포항시 북구 중흥로 228, 1층 (죽도동, 이을빌딩)',6063),('큰사랑약국','054-273-6679','경상북도 포항시 북구 중흥로 265 (죽도동)',6064),('영천온누리약국','054-242-0775','경상북도 포항시 북구 장량로 32 (장성동)',6065),('아이원약국','054-248-8877','경상북도 포항시 북구 양덕로 68, 208호 (양덕동, 풍림아이원상가)',6066),('늘사랑약국','054-232-3389','경상북도 포항시 북구 두호로 25 (두호동)',6067),('제일온누리약국','054-256-4119','경상북도 포항시 북구 새천년대로 1126 (장성동)',6068),('경북약국','054-251-0078','경상북도 포항시 북구 기계면 기계로 48-1',6069),('엔젤약국','054-249-1020','경상북도 포항시 북구 두호로 21 (두호동)',6070),('굿모닝온누리약국','054-232-7572','경상북도 포항시 북구 삼흥로 18 (두호동)',6071),('포항약국','054-252-5219','경상북도 포항시 북구 용흥로 33 (용흥동)',6072),('아이파크약국','054-231-2389','경상북도 포항시 북구 새천년대로1076번길 21 (두호동)',6073),('토마토약국','054-244-6254','경상북도 포항시 북구 대신로 46-1 (대신동)',6074),('창포약국','054-232-2232','경상북도 포항시 북구 학전로111번길 43 (두호동)',6075),('동국약국','054-283-0283','경상북도 포항시 북구 포스코대로 241 (죽도동)',6076),('개풍약국','054-247-9500','경상북도 포항시 북구 죽도시장길 2 (죽도동)',6077),('리드팜성신약국','054-248-3962','경상북도 포항시 북구 칠성로 34 (남빈동)',6078),('녹십자약국','054-284-3848','경상북도 포항시 북구 포스코대로 254 (죽도동)',6079),('케어팜약국','054-283-2036','경상북도 포항시 북구 대이로 188 (득량동)',6080),('믿음약국','054-247-4002','경상북도 포항시 북구 대안길 44, 5층 502호 (용흥동, 우방스포츠프라자)',6081),('푸른약국','054-246-9990','경상북도 포항시 북구 용두산길 78, 상가동 (두호동, 천호타운)',6082),('고바우약국','054-261-6889','경상북도 포항시 북구 흥해읍 흥해로 26',6083),('미리내약국','054-247-8262','경상북도 포항시 북구 중앙로 283-2 (상원동)',6084),('부흥약국','054-247-4915','경상북도 포항시 북구 학전로 24-2 (항구동)',6085),('용흥혜민약국','054-232-3186','경상북도 포항시 북구 용흥로 28 (용흥동)',6086),('포항한사랑약국','054-283-1583','경상북도 포항시 북구 흥해읍 도음로877번길 8',6087),('백민약국','054-273-0511','경상북도 포항시 북구 중흥로191번길 20 (죽도동)',6088),('즐거운약국','054-251-1817','경상북도 포항시 북구 죽도로 55 (죽도동)',6089),('독일약국','054-241-0354','경상북도 포항시 북구 죽도로 59 (죽도동)',6090),('순화당약국','054-251-2590','경상북도 포항시 북구 새천년대로 1041, 121호 (창포동, 쌍용상가)',6091),('해송약국','054-277-0667','경상북도 포항시 북구 중흥로 250 (죽도동)',6092),('신세계열린약국','054-262-6867','경상북도 포항시 북구 흥해읍 한동로 36',6093),('건강백세약국','054-247-1201','경상북도 포항시 북구 창흥로 13 (창포동)',6094),('성화약국','054-281-2437','경상북도 포항시 북구 중흥로 338 (죽도동)',6095),('세원약국','054-272-8008','경상북도 포항시 북구 중흥로 287 (죽도동)',6096),('백약국','054-261-5354','경상북도 포항시 북구 죽도로 48 (죽도동)',6097),('메디팜조아약국','054-232-0080','경상북도 포항시 북구 용두산길 35 (장성동)',6098),('지성약국','054-282-6730','경상북도 포항시 북구 중흥로 329 (죽도동)',6099),('하나약국','054-614-7575','경상북도 포항시 북구 포스코대로 288, 1층 (죽도동)',6100),('국민약국','054-232-3001','경상북도 포항시 북구 용두산길 43 (장성동)',6101),('모아약국','054-255-3784','경상북도 포항시 북구 중흥로 315-1, 101호 (죽도동, 델라이츠)',6102),('대학약국','054-273-3818','경상북도 포항시 북구 중흥로 147 (죽도동)',6103),('대림약국','054-261-1966','경상북도 포항시 북구 흥해읍 흥해로 69',6104),('정성프라자약국','054-275-3900','경상북도 포항시 북구 양학로 67 (학잠동)',6105),('기계약국','054-292-0104','경상북도 포항시 북구 기계면 기계로 54',6106),('화성약국','054-261-2714','경상북도 포항시 북구 흥해읍 흥해로 56',6107),('유명당약국','054-252-8209','경상북도 포항시 북구 삼호로 391, 208호 (환호동, 환호해맞이그린빌주상가)',6108),('온누리건강약국','054-261-4301','경상북도 포항시 북구 흥해읍 중성로42번길 24-1',6109),('명강약국','054-244-2367','경상북도 포항시 북구 중흥로 306 (죽도동)',6110),('우리온누리약국','054-246-4798','경상북도 포항시 북구 삼호로 197 (항구동)',6111),('장약국','054-283-8046','경상북도 포항시 북구 중앙로 228-1 (죽도동)',6112),('청산약국','054-242-6671','경상북도 포항시 북구 신광면 토성길 43',6113),('메디팜우호약국','054-272-4523','경상북도 포항시 북구 양학로 36 (학잠동)',6114),('수퍼약국','054-241-1590','경상북도 포항시 북구 죽도로 27 (죽도동)',6115),('사랑약국','054-247-4005','경상북도 포항시 북구 우창동로22번길 3-3 (우현동)',6116),('선린약국','054-244-2552','경상북도 포항시 북구 대신로 42 (대신동)',6117),('민생약국','054-247-3374','경상북도 포항시 북구 불종로 19 (신흥동)',6118),('온누리대왕약국','054-247-5255','경상북도 포항시 북구 중앙로 237 (죽도동)',6119),('동산약국','054-247-6550','경상북도 포항시 북구 용당로 109 (대흥동)',6120),('항도약국','054-247-5345','경상북도 포항시 북구 삼호로 123-1 (학산동)',6121),('동해약국','054-273-3396','경상북도 포항시 북구 용당로 62 (용흥동)',6122),('쌍사약국','','경상북도 포항시 남구 상대로 79, 1층 (상도동)',6123),('늘기쁜약국','054-293-7117','경상북도 포항시 남구 오천읍 원동로 57',6124),('대해약국','054-277-7224','경상북도 포항시 남구 상공로 51, 삼상빌딩 (상도동)',6125),('보금당약국','054-283-3727','경상북도 포항시 남구 운하로36번길 7 (송도동)',6126),('상도 프라자 약국','054-614-7100','경상북도 포항시 남구 상도남로34번길 15, 1층 (상도동)',6127),('키다리약국','054-232-6167','경상북도 포항시 남구 포스코대로353번길 8-1 (대도동)',6128),('동산약국','054-285-8962','경상북도 포항시 남구 연일읍 연일중앙로 19, 1층',6129),('성모약국','054-282-2245','경상북도 포항시 남구 중앙로 124 (해도동)',6130),('민들레약국','054-277-9652','경상북도 포항시 남구 포스코대로 123, 1층층 (이동)',6131),('일선약국','054-276-3236','경상북도 포항시 남구 구룡포읍 구룡포길 67',6132),('더조은약국','','경상북도 포항시 남구 오천읍 냉천로 306, 1층',6133),('새한빛약국','054-274-4214','경상북도 포항시 남구 포스코대로 141 (이동)',6134),('신세계옵티마약국','054-852-8779','경상북도 포항시 남구 오천읍 정몽주로 538',6135),('제일연합약국','054-275-7531','경상북도 포항시 남구 대이로 109, 비전그랜드빌딩 106호 (대잠동)',6136),('새동해약국','','경상북도 포항시 남구 중앙로122번길 29 (해도동)',6137),('별 온누리약국','054-278-3536','경상북도 포항시 남구 지곡로 253, 102동 126호 (지곡동)',6138),('참 약국','054-283-6119','경상북도 포항시 남구 중흥로 92 (상도동)',6139),('다온약국','','경상북도 포항시 남구 중흥로 96 (상도동)',6140),('대구약국','054-273-3154','경상북도 포항시 남구 상공로 153 (대도동)',6141),('유안약국','','경상북도 포항시 남구 포스코대로 126 (대잠동)',6142),('예스약국','054-253-1122','경상북도 포항시 남구 희망대로 354, 202호,302호 (이동)',6143),('이동정문약국','054-281-7567','경상북도 포항시 남구 희망대로 354, 201호,301호 (이동)',6144),('가까운 온누리 약국','054-277-9695','경상북도 포항시 남구 희망대로 614 (대잠동, (대잠동221-4))',6145),('민하약국','054-262-2910','경상북도 포항시 남구 희망대로 606 (대잠동)',6146),('라인약국','054-292-5623','경상북도 포항시 남구 오천읍 원동로 54',6147),('평화온누리약국','','경상북도 포항시 남구 중흥로 98, 1층 (상도동, 탑클리닉빌딩)',6148),('소망약국','054-281-7100','경상북도 포항시 남구 중흥로 82 (상도동)',6149),('드림약국','054-282-2334','경상북도 포항시 남구 축항로 74 (송도동)',6150),('다솜약국','054-285-0100','경상북도 포항시 남구 포스코대로 320 (상도동)',6151),('오천온누리약국','054-292-6886','경상북도 포항시 남구 오천읍 정몽주로 643',6152),('원동약국','054-249-0400','경상북도 포항시 남구 오천읍 원동로 75, 103호',6153),('세화약국','054-284-5566','경상북도 포항시 남구 동해면 일월로 137, 103호 (동해그린상가)',6154),('동아약국','054-285-5051','경상북도 포항시 남구 연일읍 연일로 123',6155),('부영약국','054-292-7004','경상북도 포항시 남구 오천읍 남원로 86-28',6156),('사랑온누리약국','054-291-0036','경상북도 포항시 남구 오천읍 원동로 51',6157),('이동약국','054-272-7588','경상북도 포항시 남구 포스코대로 144 (대잠동)',6158),('아름다운약국','054-293-3231','경상북도 포항시 남구 오천읍 정몽주로 687',6159),('유강약국','054-273-9600','경상북도 포항시 남구 연일읍 유강길 18-10',6160),('도구제일약국','054-285-2024','경상북도 포항시 남구 동해면 일월로 140-1',6161),('강민약국','054-291-0958','경상북도 포항시 남구 오천읍 원동로 47',6162),('새천년약국','054-281-2334','경상북도 포항시 남구 호미곶면 해맞이로 194-2',6163),('편한약국','054-291-5507','경상북도 포항시 남구 오천읍 정몽주로 621',6164),('미래건강약국','054-250-6611','경상북도 포항시 남구 시청로 5 (대잠동)',6165),('희망약국','054-271-9010','경상북도 포항시 남구 시청로 7 (대잠동)',6166),('중앙약국','054-272-4428','경상북도 포항시 남구 중흥로 84 (상도동)',6167),('서진약국','054-283-3174','경상북도 포항시 남구 포스코대로 345 (대도동)',6168),('포항마더스약국','054-274-7923','경상북도 포항시 남구 냉천로 10 (인덕동, 이마트)',6169),('연합약국','054-272-2981','경상북도 포항시 남구 상공로 43, 2층 (상도동, 남부시장)',6170),('행복약국','054-292-8074','경상북도 포항시 남구 오천읍 세계길 30',6171),('메디팜 대흥약국','054-292-1107','경상북도 포항시 남구 오천읍 정몽주로 560',6172),('한미약국','054-276-5366','경상북도 포항시 남구 구룡포읍 구룡포길 71',6173),('희약국','054-275-4789','경상북도 포항시 남구 효성로 54 (효자동)',6174),('은혜약국','054-274-9695','경상북도 포항시 남구 연일읍 유강길9번길 51',6175),('미소약국','054-293-2244','경상북도 포항시 남구 오천읍 원동로 4, 107호 (엠파이어상가)',6176),('정문약국','054-275-7457','경상북도 포항시 남구 포스코대로 353 (대도동)',6177),('우리약국','054-281-5005','경상북도 포항시 남구 포스코대로 138 (대잠동)',6178),('이화약국','054-273-5220','경상북도 포항시 남구 포스코대로353번길 7 (대도동)',6179),('양포약국','054-276-3608','경상북도 포항시 남구 장기면 동해안로 3262-2',6180),('동부약국','054-284-3773','경상북도 포항시 남구 동해면 일월로 127',6181),('비타민약국','054-293-8889','경상북도 포항시 남구 오천읍 충무로 5',6182),('유일약국','054-276-9754','경상북도 포항시 남구 효성로 11 (효자동)',6183),('인성약국','054-282-5006','경상북도 포항시 남구 중앙로 102 (해도동)',6184),('플러스약국','054-286-5353','경상북도 포항시 남구 중흥로 77, 2층 (상도동)',6185),('참사랑약국','054-278-7454','경상북도 포항시 남구 포스코대로 353 (대도동)',6186),('남부시장약국','054-273-9618','경상북도 포항시 남구 상공로 43 (상도동)',6187),('참평화약국','054-273-0157','경상북도 포항시 남구 희망대로 592-7 (대잠동)',6188),('문덕광제약국','054-291-2770','경상북도 포항시 남구 오천읍 원동로 3, 108호 (메트로프라자)',6189),('남부제일약국','054-282-2366','경상북도 포항시 남구 상공로 43, 105, 106호 (상도동, 남부시장)',6190),('행복한약국','054-278-5212','경상북도 포항시 남구 포스코대로 140 (대잠동)',6191),('한솔약국','054-277-6932','경상북도 포항시 남구 중앙로 69 (해도동)',6192),('대성약국','054-275-7603','경상북도 포항시 남구 중앙로122번길 30 (해도동)',6193),('승리약국','054-275-7566','경상북도 포항시 남구 효자동길 5 (효자동)',6194),('구룡약국','054-276-1920','경상북도 포항시 남구 구룡포읍 구룡포길 81',6195),('연일신세계약국','054-285-2328','경상북도 포항시 남구 연일읍 연일로159번길 53',6196),('임초약국','054-282-2511','경상북도 포항시 남구 송림로 29 (송도동)',6197),('용덕약국','054-292-2438','경상북도 포항시 남구 오천읍 정몽주로616번길 2',6198),('안동약국','054-282-3035','경상북도 포항시 남구 송도로 10 (송도동)',6199),('지곡약국','054-221-4921','경상북도 포항시 남구 지곡로212번길 68 (지곡동, 주민공동시설내)',6200),('다나약국','054-292-8440','경상북도 포항시 남구 오천읍 정몽주로 647',6201),('온누리밝은약국','054-277-4717','경상북도 포항시 남구 오천읍 남원로 75',6202),('인덕약국','054-222-8780','경상북도 포항시 남구 인덕로 71 (인덕동)',6203),('메디팜이약국','054-278-9153','경상북도 포항시 남구 효자동길10번길 6, A동 104호 (효자동, 효곡상가)',6204),('현대약국','054-292-2414','경상북도 포항시 남구 오천읍 세계길 46',6205),('온누리신그린약국','054-244-2009','경상북도 포항시 남구 송림로 36-1 (송도동)',6206),('대구약국','054-291-7661','경상북도 포항시 남구 오천읍 장기로 1691',6207),('서문제일약국','054-291-7416','경상북도 포항시 남구 오천읍 정몽주로 651',6208),('럭키약국','054-278-2516','경상북도 포항시 남구 연일읍 유강길17번길 9',6209),('사거리약국','054-285-6447','경상북도 포항시 남구 연일읍 철강로25번길 52',6210),('에덴약국','054-285-2208','경상북도 포항시 남구 대송면 제내길47번길 2',6211),('메디팜조약국','054-281-1283','경상북도 포항시 남구 해동로 57 (해도동)',6212),('그린약국','054-221-4951','경상북도 포항시 남구 지곡로328번길 17 (지곡동)',6213),('새럭키약국','054-281-9478','경상북도 포항시 남구 중앙로 62 (해도동)',6214),('보성약국','054-273-9200','경상북도 포항시 남구 중앙로 131 (해도동)',6215),('유명약국','054-285-6928','경상북도 포항시 남구 대송면 제내길53번길 2',6216),('대잠약국','054-272-2067','경상북도 포항시 남구 희망대로 592-9 (대잠동)',6217),('효자한약국','054-272-0573','경상북도 포항시 남구 효자동길6번길 10 (효자동)',6218),('서독약국','054-274-1900','경상북도 포항시 남구 상공로 131 (대도동)',6219),('온누리자모약국','054-292-4521','경상북도 포항시 남구 청림서길 11-1 (청림동)',6220),('보건약국','054-292-4866','경상북도 포항시 남구 청림서길 13 (청림동)',6221),('성심약국','054-272-7696','경상북도 포항시 남구 해동로 93 (해도동)',6222);
/*!40000 ALTER TABLE `pharmacy` ENABLE KEYS */;
UNLOCK TABLES;

--
-- Table structure for table `publicParkingLot`
--

DROP TABLE IF EXISTS `publicParkingLot`;
/*!40101 SET @saved_cs_client     = @@character_set_client */;
/*!40101 SET character_set_client = utf8 */;
CREATE TABLE `publicParkingLot` (
  `ID` int(11) NOT NULL,
  `name` varchar(255) DEFAULT NULL,
  `type` varchar(255) DEFAULT NULL,
  `address` varchar(255) DEFAULT NULL,
  `operatingDays` varchar(255) DEFAULT NULL,
  `fee` int(11) DEFAULT NULL,
  `paymentMethod` varchar(255) DEFAULT NULL,
  PRIMARY KEY (`ID`)
) ENGINE=InnoDB DEFAULT CHARSET=utf8;
/*!40101 SET character_set_client = @saved_cs_client */;

--
-- Dumping data for table `publicParkingLot`
--

LOCK TABLES `publicParkingLot` WRITE;
/*!40000 ALTER TABLE `publicParkingLot` DISABLE KEYS */;
INSERT INTO `publicParkingLot` VALUES (11000,'대해시장','공영','경상북도 포항시 남구 문예로 135','평일',5000,'신용카드'),(11001,'대도','공영','경상북도 포항시 남구 대해로 122','평일',5000,'신용카드'),(11002,'큰동해 시장','공영','경상북도 포항시 남구 중앙로 134번길 35-8','평일',5000,'신용카드'),(11003,'송도삼일→송도동빈내항 공영주차장','공영','경상북도 포항시 남구 운하로 130','평일+토요일+공휴일',5000,'신용카드'),(11004,'상도','공영','경상북도 포항시 남구 상대로 68-3','평일',5000,'신용카드'),(11005,'대이동 공영주차장','공영','경상북도 포항시 남구 대이로 127번길 12-10','평일+토요일+공휴일',5000,'신용카드'),(11006,'이동 제4공원 공영주차장','공영','경상북도 포항시 남구 대이로95번길 6-7','평일+토요일+공휴일',5000,'신용카드'),(11007,'오거리','공영','경상북도 포항시 북구 죽도시장4길 22','평일+토요일+공휴일',7000,'신용카드'),(11008,'죽도어시장','공영','경상북도 포항시 북구 해동로 193','평일+토요일+공휴일',7000,'신용카드'),(11009,'동빈부두','공영','경상북도 포항시 북구 해동로 205','평일+토요일+공휴일',7000,'신용카드'),(11010,'포항역','공영','경상북도 포항시 북구 포항역로','평일+토요일+공휴일',5000,'신용카드'),(11013,'칠성천','공영','경상북도 포항시 북구 칠성천길 127','평일+토요일+공휴일',7000,'신용카드'),(11014,'죽도(구 죽도주민센터)','공영','경상북도 포항시 북구 죽도로 40번길 18','평일',7000,'신용카드'),(11015,'포항시청 부설주차장','공영','경상북도 포항시 남구 시청로 1(대잠동)','평일+토요일+공휴일',0,'신용카드'),(11016,'시내노상','공영','경상북도 포항시 북구 삼호로 7','평일+토요일',0,'신용카드'),(11017,'시내노상','공영','경상북도 포항시 북구 문화로 20','평일+토요일',0,'신용카드'),(11018,'시내노상','공영','경상북도 포항시 북구 해동로 217','평일+토요일',0,'신용카드'),(11019,'시내노상','공영','경상북도 포항시 북구 동빈로 14','평일+토요일',0,'신용카드'),(11020,'시내노상','공영','경상북도 포항시 북구 중앙로 264','평일+토요일',0,'신용카드'),(11021,'시내노상','공영','경상북도 포항시 북구 칠성로 25','평일+토요일',0,'신용카드'),(11022,'시내노상','공영','경상북도 포항시 북구 중앙로 255-1','평일+토요일',0,'신용카드'),(11023,'시내노상','공영','경상북도 포항시 북구 죽도로 22','평일+토요일',0,'신용카드'),(11024,'어시장 노상','공영','경상북도 포항시 북구 해동로','평일+토요일+공휴일',0,'신용카드'),(11025,'영일대','공영','경상북도 포항시 북구 해안로 131','평일+토요일',0,'신용카드'),(11026,'북부시장','공영','경상북도 포항시 북구 대신로 12-1','평일+토요일',0,'신용카드'),(11027,'송도해상공원','공영','경상북도 포항시 남구 운하로 204','토요일+공휴일',0,'신용카드');
/*!40000 ALTER TABLE `publicParkingLot` ENABLE KEYS */;
UNLOCK TABLES;

--
-- Table structure for table `publicToilet`
--

DROP TABLE IF EXISTS `publicToilet`;
/*!40101 SET @saved_cs_client     = @@character_set_client */;
/*!40101 SET character_set_client = utf8 */;
CREATE TABLE `publicToilet` (
  `name` varchar(255) COLLATE utf8mb4_unicode_ci DEFAULT NULL,
  `address` varchar(255) COLLATE utf8mb4_unicode_ci DEFAULT NULL,
  `latitude` float DEFAULT NULL,
  `longitude` float DEFAULT NULL,
  `phoneNumber` varchar(255) COLLATE utf8mb4_unicode_ci DEFAULT NULL,
  `unisex` varchar(255) COLLATE utf8mb4_unicode_ci DEFAULT NULL,
  `ID` int(11) NOT NULL,
  PRIMARY KEY (`ID`)
) ENGINE=InnoDB DEFAULT CHARSET=utf8mb4 COLLATE=utf8mb4_unicode_ci;
/*!40101 SET character_set_client = @saved_cs_client */;

--
-- Dumping data for table `publicToilet`
--

LOCK TABLES `publicToilet` WRITE;
/*!40000 ALTER TABLE `publicToilet` DISABLE KEYS */;
INSERT INTO `publicToilet` VALUES ('구룡포해수욕장(1)','경상북도 포항시 남구 구룡포읍 일출로 62번길 65',35.9986,129.568,'054-276-2504','FALSE',7000),('구룡포해수욕장(2)','경상북도 포항시 남구 구룡포읍 호미로 420-5',35.9967,129.566,'054-276-2504','FALSE',7001),('구룡포시장(1)','경상북도 포항시 남구 구룡포읍 구룡포길 60-12',35.9896,129.553,'054-276-2504','FALSE',7002),('구룡포시장(2)','경상북도 포항시 남구 구룡포읍 구룡포길 76-2',35.9904,129.554,'054-276-2504','FALSE',7003),('구룡포 공영주차장','경상북도 포항시 남구 구룡포읍 호미로 188-27(구룡포2리954-28)-(구룡포 풋살구장)',35.9882,129.553,'054-276-2504','FALSE',7004),('구룡포5리 방파제','경상북도 포항시 남구 구룡포읍 호미로 222(구룡포리 954-2)',35.9898,129.556,'054-276-2504','FALSE',7005),('구룡포6리 간이해수욕장 화장실','경상북도 포항시 남구 구룡포읍 호미로 334-76 (구룡포6리 190-62)',35.9923,129.567,'054-276-2504','FALSE',7006),('구룡포 공영주차장 화장실','경상북도 포항시 남구 구룡포읍 호미로 188-27',35.9882,129.553,'054-276-2504','FALSE',7007),('구평2리 해안가 화장실','경상북도 포항시 남구 구룡포읍 구평리 2-17',35.9501,129.54,'054-3544-9700','FALSE',7008),('구평2리 공동어판장','경상북도 포항시 남구 구룡포읍 구평리 53-4',35.9449,129.536,'054-276-2504','FALSE',7009),('삼정1리 화장실','경상북도 포항시 남구 구룡포읍 일출로 62번길 22',36.0017,129.57,'054-3072-5355','FALSE',7010),('구룡포 삼정섬 화장실','경상북도 포항시 남구 구룡포읍 일출로 90번길 36-10',36.0036,129.576,'054-276-2504','FALSE',7011),('구룡포 축구장화장실','경상북도 포항시 남구 구룡포읍 하정리 산 27-5',35.9767,129.54,'054-276-2504','FALSE',7012),('녹색체험마을 공중화장실','경상북도 포항시 남구 구룡포읍 정동길77번길 11-6 (성동리 237-1,237-2)',35.9418,129.519,'054-549-7556','FALSE',7013),('눌태리체육공원화장실','경상북도 포항시 남구 구룡포읍 눌태리 414',35.9957,129.536,'054-276-2504','FALSE',7014),('오천시장','경상북도 포항시 남구 오천읍 장기로1690번길 11-1 (세계리 824-1)',35.9903,129.556,'054-270-5561','FALSE',7015),('오어사사찰입구','경상북도 포항시 남구 오천읍 오어로 1 (항사리 34)',35.9264,129.369,'054-270-2271','FALSE',7016),('항사리 수정사 입구','경상북도 포항시 남구 오천읍 오어로 173-90 (항사리 수정사 입구)',35.934,129.377,'054-270-2271','FALSE',7017),('오어사 종점','경상북도 포항시 남구 오천읍 오어로 1 (항사리 오어사 주차장)',35.9264,129.369,'054-270-6852','FALSE',7018),('문덕교옆','경상북도 포항시 남구 오천읍 문덕리(문덕다리 옆)',35.9619,129.408,'054-270-6852','FALSE',7019),('용산숲 입구','경상북도 포항시 남구 오천읍 용산1리 360-4',35.9401,129.4,'054-270-6852','FALSE',7020),('진전휴게소','경상북도 포항시 남구 오천읍 진전리 오천-경주경계(진전고개)',35.8577,129.405,'054-270-6852','FALSE',7021),('갈평리 공중화장실','경상북도 포항시 남구 오천읍 갈평리',35.9075,129.402,'054-270-6852','FALSE',7022),('풋살구장 화장실','경상북도 포항시 남구 오천읍 냉천로 (문덕리 1188-483)',35.9456,129.4,'054-291-7300','FALSE',7023),('홍계리 홍계숲','경상북도 포항시 남구 대송면 홍계리(홍계숲)',32.9488,129.34,'054-270-6627','FALSE',7024),('홍계리 용암사','경상북도 포항시 남구 대송면 홍계리(용암사)',35.9479,129.339,'054-270-6627','FALSE',7025),('운제산 등산로 (해림이네집앞)','경상북도 포항시 남구 대송면 운제로 386 (대각리 582) 해림이네집앞',35.9495,129.359,'054-270-6627','FALSE',7026),('산여초소','경상북도 포항시 남구 대송면 대각리 산 189(산여초소)',35.9359,129.369,'054-270-6627','FALSE',7027),('산여리 마을','경상북도 포항시 남구 대송면 대각리 산여리 128번지',35.9048,129.35,'054-270-6627','FALSE',7028),('도구해수욕장','경상북도 포항시 남구 동해면 일월로81번길 36',35.9925,129.443,'054-284-4988','FALSE',7029),('발산2리입구 해안가','경상북도 포항시 남구 동해면 발산2리(입구)',36.0432,129.517,'054-291-4988','FALSE',7030),('임곡횟집옆 해안가','경상북도 포항시 남구 동해면 임곡1리(임곡횟집옆)',35.9918,129.453,'054-291-4988','FALSE',7031),('흥환1리 간이해수욕장','경상북도 포항시 남구 동해면 흥환1리 333-21',36.0234,129.499,'054-291-4988','FALSE',7032),('흥환 해안가','경상북도 포항시 남구 동해면 흥환1리 파도횟집옆',36.0237,129.503,'054-291-4988','FALSE',7033),('동해면민운동장 화장실','경상북도 포항시 남구 동해면 일월로155번길25',35.9899,129.449,'054-281-0006','FALSE',7034),('두원심터화장실','경상북도 포항시 남구 장기면 두원리(솔숲쉼터)',35.8437,129.515,'054-276-1301','FALSE',7035),('소봉대화장실','경상북도 포항시 남구 장기면 계원2리(소봉대입구)',35.8588,129.526,'054-276-1301','FALSE',7036),('계원국도변화장실','경상북도 포항시 남구 장기면 계원1리(계원,양포경계)',35.8722,129.522,'054-276-1301','FALSE',7037),('양포조선소화장실','경상북도 포항시 남구 장기면 양포리(조선소앞)',35.8771,129.518,'054-276-1301','FALSE',7038),('양포방파제화장실','경상북도 포항시 남구 장기면 양포리(방파제앞)',35.8821,129.527,'054-276-1301','FALSE',7039),('신창주차장화장실','경상북도 포항시 남구 장기면 신창리895-1(주차장앞)',35.8907,129.526,'054-276-1301','FALSE',7040),('신창바위섬화장실','경상북도 포항시 남구 장기면 신창1리(바위섬앞)',35.8973,129.525,'054-276-1301','FALSE',7041),('신창방파제화장실','경상북도 포항시 남구 장기면 신창1리(방파제앞)',35.8982,129.527,'054-276-1301','FALSE',7042),('대진해안화장실','경상북도 포항시 남구 장기면 대진리(해안변1)',35.9233,129.518,'054-276-1301','FALSE',7043),('모포방파제화장실','경상북도 포항시 남구 장기면 모포1리(방파제 입구)',35.9327,129.529,'054-276-1301','FALSE',7044),('농협하나로마트옆화장실','경상북도 포항시 남구 장기면 읍내리(농협하나로마트옆)',35.8959,129.494,'054-276-1301','FALSE',7045),('다무포 간이해수욕장','경상북도 포항시 남구 호미곶면 강사1리',36.0345,129.577,'054-284-9301','FALSE',7046),('강사2리 매바위','경상북도 포항시 남구 호미곶면 강사2리',36.0556,129.577,'054-284-9301','FALSE',7047),('등대박물관옆 해수탕옆','경상북도 포항시 남구 호미곶면 대보2리',36.0787,129.567,'054-284-9301','FALSE',7048),('방파제옆','경상북도 포항시 남구 호미곶면 대보3리',36.0816,129.561,'054-284-9821','FALSE',7049),('호미곶면민복지회관 해맞이광장 진입로','경상북도 포항시 남구 호미곶면 해맞이로 153',36.0763,129.564,'054-284-9301','FALSE',7050),('낙조전망대','경상북도 포항시 남구 호미곶면 구만2리',36.0224,129.376,'054-284-9301','FALSE',7051),('다무포고래마을(추가)','경상북도 포항시 남구 호미곶면 강사1리',36.0166,129.373,'054-270-6737','FALSE',7052),('간이화장실','경상북도 포항시 남구 해도동 천384-1번지 (고수부지 뚝섬가든앞)',36.0455,129.375,'054-270-6737','FALSE',7053),('간이화장실','경상북도 포항시 남구 해도동 천384-1번지 (고수부지중간지점 포항낚시앞)',36.0455,129.375,'054-270-6737','FALSE',7054),('송도해수욕장(1)화장실','경상북도 포항시 남구 송도동 운하로 260 (산 1 번지) - (송림숲)',36.0455,129.375,'054-270-6443','FALSE',7055),('송도해수욕장(2)화장실','경상북도 포항시 남구 송도동 운하로 260 ( 산 1 번지)',35.9974,129.427,'054-270-6443','FALSE',7056),('송도해수욕장(3)화장실','경상북도 포항시 남구 송도동 운하로 260 ( 산 1 번지)',36.0455,129.375,'054-270-6443','FALSE',7057),('용한해변 공중화장실','경상북도 포항시 남구 흥해읍 용한1리 618-1 (영일만3산단 내 주차장)',35.9974,129.427,'054-240-7573','FALSE',7058),('운동장','경상북도 포항시 남구 청림동 일월동 730 번지',35.9974,129.427,'054-291-0121','FALSE',7059),('칠포1리공중화장실','경상북도 포항시 북구 흥해읍 해안로 1568',36.1442,129.397,'054-240-7573','FALSE',7060),('신항만 낚시터가기전 우측편','경상북도 포항시 북구 흥해읍 용한1리 산45-1',36.1115,129.431,'054-262-2255','FALSE',7061),('칠포2리 산밑','경상북도 포항시 북구 흥해읍 해안로1540번길 24 (칠포2리 377-10)',36.1418,129.394,'054-240-7573','FALSE',7062),('칠포해수욕장(1)','경상북도 포항시 북구 흥해읍 해안로 1376 (칠포리 197-31,197-3번지)',36.1332,129.397,'054-240-7576','FALSE',7063),('천곡사계곡','경상북도 포항시 북구 흥해읍 학천1리 산22-1',36.0812,129.292,'054-240-7573','FALSE',7064),('흥해시장','경상북도 포항시 북구 흥해읍 성내리(흥해시장)',36.1112,129.349,'054-240-7576','FALSE',7065),('오도리 공중화장실','경상북도 포항시 북구 흥해읍 오도1리 314-5',36.1558,129.398,'054-240-7573','FALSE',7066),('호리공중화장실(1)','경상북도 포항시 북구 신광면 호리(호리교옆)',36.1302,129.283,'054-240-7591','FALSE',7067),('오도2리 공중화장실','경상북도 포항시 북구 흥해읍 오도2리',36.1666,129.398,'054-240-7573','FALSE',7068),('마북리공중화장실','경상북도 포항시 북구 신광면 마북리 749(쾌령산 입구)',36.1858,129.255,'054-240-7591','FALSE',7069),('법광사공중화장실','경상북도 포항시 북구 신광면 상읍리(법광사입구)',36.1466,129.243,'054-240-7591','FALSE',7070),('월포해수욕장(1)','경상북도 포항시 북구 청하면 월포리 92-71(1)',36.1233,129.296,'054-232-4001','FALSE',7071),('호리공중화장실(2)','경상북도 포항시 북구 신광면 호리(낚시터매운탕집 아래)',36.1233,129.296,'054-240-7591','FALSE',7072),('호리공중화장실(3)','경상북도 포항시 북구 신광면 호리(낚시터매운탕집 아래)',36.2524,129.373,'054-240-7591','FALSE',7073),('월포해수욕장(3)','경상북도 포항시 북구 청하면 해안로2308번길 85 (월포리 92-77)-(좌)',36.2045,129.371,'054-232-4001','FALSE',7074),('월포2리화장실','경상북도 포항시 북구 청하면 월포2리',36.1233,129.296,'054-232-4001','FALSE',7075),('청하재래시장','경상북도 포항시 북구 청하면 청하로200번길 4 (미남리 382-3)',36.1971,129.34,'054-232-4001','FALSE',7076),('월포해수욕장(2)','경상북도 포항시 북구 청하면 용두리 431-26',36.1971,129.34,'054-232-4001','FALSE',7077),('용두리간이해수욕장 공중화장실','경상북도 포항시 북구 청하면 용두리(포스코수련관옆)',36.1142,129.222,'054-232-4001','FALSE',7078),('이가리(양지)바닷가','경상북도 포항시 북구 청하면 이가리(양지)',36.1111,129.225,'054-232-4001','FALSE',7079),('자연발생유원지','경상북도 포항시 북구 청하면',36.114,129.202,'054-232-4001','FALSE',7080),('버스정류소화장실','경상북도 포항시 북구 청하면',36.114,129.202,'054-232-4001','FALSE',7081),('화진해수욕장(2)','경상북도 포항시 북구 송라면 지경리 408',36.2524,129.373,'054-240-0214','FALSE',7082),('화진해수욕장(1)','경상북도 포항시 북구 송라면 지경리 410-3',36.2516,129.374,'054-240-0214','FALSE',7083),('송라면 조사리(해안가-좌)','경상북도 포항시 북구 송라면 조사리(해안가-좌)',36.2279,129.382,'054-243-6002','FALSE',7084),('송라면 조사리(해안가-우)','경상북도 포항시 북구 송라면 조사리(해안가-우)',36.2277,129.382,'054-243-6002','FALSE',7085),('대전리 두곡숲','경상북도 포항시 북구 송라면 대전리 102(두곡숲)',36.253,129.357,'054-243-6002','FALSE',7086),('고지옆 화장실','경상북도 포항시 북구 기계면 고지리(다리옆)',36.0745,129.193,'054-243-2001','FALSE',7087),('버스정류소화장실','경상북도 포항시 북구 기계면 기계로 52',36.07,129.211,'054-243-2001','FALSE',7088),('봉좌산등산로 화장실','경상북도 포항시 북구 기계면 봉계1리 1137',36.0638,129.158,'054-243-2001','FALSE',7089),('운주산등산로 화장실','경상북도 포항시 북구 기계면 남계리 산 96',36.091,129.123,'054-243-2001','FALSE',7090),('기계새마을운동장화장실','경상북도 포항시 북구 기계면 새마을발상지길 50 (현내리 685-8)',36.0676,129.2,'054-243-2001','FALSE',7091),('서숲 화장실','경상북도 포항시 북구 기계면 현내리 산78-1',36.075,129.198,'054-243-2001','FALSE',7092),('주차장옆화장실','경상북도 포항시 북구 죽장면 일광리 434(주차장옆)',36.1612,129.096,'054-243-3002','FALSE',7093),('가사교옆화장실','경상북도 포항시 북구 죽장면 가사1리(가사교옆) 78',36.211,129.179,'054-243-3002','FALSE',7094),('갈밭가사3교 화장실','경상북도 포항시 북구 죽장면 가사리(갈밭 가사3교 중간)',36.2146,129.183,'054-243-3002','FALSE',7095),('갈밭주차장화장실','경상북도 포항시 북구 죽장면 가사리',36.2065,129.173,'054-243-3002','FALSE',7096),('가사산촌식당 화장실','경상북도 포항시 북구 죽장면 가사리34-2(가사산촌식당)',36.2178,129.188,'054-243-3002','FALSE',7097),('큰마을보호수옆화장실 1','경상북도 포항시 북구 죽장면 가사리(큰마을 보호수옆1)',36.1986,129.156,'054-243-3002','FALSE',7098),('곰바위앞 공중화장실','경상북도 포항시 북구 죽장면 가사리(곰바위)',36.2104,129.175,'054-243-3002','FALSE',7099),('두마교화장실','경상북도 포항시 북구 죽장면 두마리(두마1교옆)',36.1734,129.056,'054-243-3002','FALSE',7100),('무학대입구화장실','경상북도 포항시 북구 죽장면 두마리(무학대입구)',36.1692,129.051,'054-243-3002','FALSE',7101),('매현슈퍼앞화장실','경상북도 포항시 북구 죽장면 매련2리(매현슈퍼앞)',36.1772,129.12,'054-243-3002','FALSE',7102),('매현리 당숲앞공중화장실','경상북도 포항시 북구 죽장면 매현리 657',36.1718,129.112,'054-243-3002','FALSE',7103),('돌다리화장실','경상북도 포항시 북구 죽장면 매현2리(돌다리)',36.1814,129.126,'054-243-3002','FALSE',7104),('딱박골화장실','경상북도 포항시 북구 죽장면 매현2리(딱박골)',36.1838,129.135,'054-243-3002','FALSE',7105),('부엉댐화장실','경상북도 포항시 북구 죽장면 일광리(부엉댐이)',36.1559,129.083,'054-243-3002','FALSE',7106),('아랫광천화장실','경상북도 포항시 북구 죽장면 일광리(아랫광천 하천변)',36.1436,129.085,'054-243-3002','FALSE',7107),('정류장옆','경상북도 포항시 북구 죽장면 입암리(정류장옆)',36.1613,129.096,'054-243-3002','FALSE',7108),('까치소 앞 화장실','경상북도 포항시 북구 죽장면 일광리 222-1(까치소 앞)',36.1524,129.078,'054-243-3002','FALSE',7109),('입암서원화장실','경상북도 포항시 북구 죽장면 입암리(입암서원앞)',36.1628,129.102,'054-243-3002','FALSE',7110),('죽장1교옆화장실','경상북도 포항시 북구 죽장면 입암리(죽장1교 옆)',36.1619,129.095,'054-243-3002','FALSE',7111),('주차장화장실','경상북도 포항시 북구 죽장면 지동리(주차장옆)',36.1277,129.083,'054-243-3002','FALSE',7112),('죽장고교옆화장실 1','경상북도 포항시 북구 죽장면 입암리(죽장고앞1)',36.1631,129.094,'054-243-3002','FALSE',7113),('죽장고교옆화장실 2','경상북도 포항시 북구 죽장면 입암리(죽장고앞2)',36.164,129.094,'054-243-3002','FALSE',7114),('지동리 논골교 화장실 1','경상북도 포항시 북구 죽장면 지동리(논골교 옆1)',36.1335,129.081,'054-243-3002','FALSE',7115),('지동리 논골교 화장실 2','경상북도 포항시 북구 죽장면 지동리(논골교 옆2)',36.134,129.079,'054-243-3002','FALSE',7116),('아랫지들화장실','경상북도 포항시 북구 죽장면 지동리(아랫지들 도로변)',36.1192,129.081,'054-243-3002','FALSE',7117),('영청경계화장실','경상북도 포항시 북구 죽장면 지동리(영천시 경계 도로변)',36.114,129.079,'054-243-3002','FALSE',7118),('덕골화장실','경상북도 포항시 북구 죽장면 하옥리(덕골 하옥산장옆)',36.2923,129.251,'054-243-3002','FALSE',7119),('지동교옆화장실','경상북도 포항시 북구 죽장면 지동리(지동교옆)',36.1658,129.186,'054-243-3002','FALSE',7120),('제실옆화장실','경상북도 포항시 북구 죽장면 지동리(최씨 제실옆)',36.2002,129.202,'054-243-3002','FALSE',7121),('침곡입구화장실','경상북도 포항시 북구 죽장면 침곡리(입구)',36.0493,129.344,'054-243-3002','FALSE',7122),('자호천 합덕1교화장실','경상북도 포항시 북구 죽장면 합덕리(합덕1교 옆)',36.0356,129.341,'054-243-3002','FALSE',7123),('현내옆화장실','경상북도 포항시 북구 죽장면 현내1리(현내교옆)',36.027,129.35,'054-243-3002','FALSE',7124),('무학사주차장화장실','경상북도 포항시 북구 죽장면 현내리(무학사주차장옆)',36.0253,129.347,'054-243-3002','FALSE',7125),('영덕경계화장실','경상북도 포항시 북구 죽장면 하옥리 549-3(기도원 맞은편 영덕경계선)',36.0468,129.369,'054-243-3002','FALSE',7126),('동사동솔밭 우 화장실','경상북도 포항시 북구 죽장면 하옥리(동사동솔밭-우)',36.0457,129.368,'054-243-3002','FALSE',7127),('동사동솔밭 좌 화장실','경상북도 포항시 북구 죽장면 하옥리(동사동솔밭-좌)',36.0464,129.368,'054-243-3002','FALSE',7128),('하옥리 계곡','경상북도 포항시 북구 죽장면 하옥리(동사동입구)',36.0766,129.564,'054-243-3002','FALSE',7129),('윗마두화장실','경상북도 포항시 북구 죽장면 하옥리(윗마두 솔밭)',36.2788,129.24,'054-243-3002','FALSE',7130),('야영장화장실','경상북도 포항시 북구 죽장면 하옥리 599-14(학생야영장옆)',36.291,129.251,'054-243-3002','FALSE',7131),('슬로우시티(상옥복지회관)','경상북도 포항시 북구 죽장면 죽장로 1759(상옥리 822-1)',36.2417,129.215,'054-243-3002','FALSE',7132),('양지마을 화장실','경상북도 포항시 북구 죽장면 하옥리(새터 양지마을)',36.3135,129.253,'054-243-3002','FALSE',7133),('윗배지미 계곡상류 화장실','경상북도 포항시 북구 죽장면 하옥리(윗배지미 계곡상류30m)',36.2971,129.248,'054-243-3002','FALSE',7134),('위배지미하류','경상북도 포항시 북구 죽장면 하옥리 650-3(위배지미하류)',36.2987,129.246,'054-243-3002','FALSE',7135),('하옥 옥계경계공중화장실','경상북도 포항시 북구 죽장면 하옥리(하옥 옥계경계)',36.3217,129.267,'054-243-3002','FALSE',7136),('하마두입구화장실','경상북도 포항시 북구 죽장면 하옥리(하마두입구)',36.2861,129.244,'054-243-3002','FALSE',7137),('관음사앞 화장실','경상북도 포항시 북구 죽장면 하옥리 944-1(관음사 앞)',36.2784,129.239,'054-243-3002','FALSE',7138),('기북면 버스정류장화장실','경상북도 포항시 북구 기북면 기북로 453',36.1294,129.167,'054-243-7006','FALSE',7139),('이대감식당화장실 죽장32','경상북도 포항시 북구 죽장면 일광리 397-1(이대감식당앞)',36.1473,129.177,'054-243-3002','FALSE',7140),('갈밭 상옥경계','경상북도 포항시 북구 죽장면 가사리 13번지(갈밭 상옥경계)',36.219,129.191,'054-243-3001','FALSE',7141),('민속박물관옆','경상북도 포항시 북구 기북면 덕동문화길 19',36.1658,129.186,'054-243-7006','FALSE',7142),('성법재 공중화장실','경상북도 포항시 북구 기북면 성법리 산 133-1',36.2002,129.202,'054-243-7006','FALSE',7143),('대안골 체육공원 공중화장실','경상북도 포항시 북구 용흥동 582-2 (대안골)',36.0493,129.344,'054-240-7821','FALSE',7144),('운동장화장실','경상북도 포항시 북구 양학로 166',36.0356,129.341,'054-240-7757','FALSE',7145),('양학시장화장실','경상북도 포항시 북구 양학로 36',36.027,129.35,'054-000-0000','FALSE',7146),('양학연당내 공중화장실','경상북도 포항시 북구 득량동 246-1 (도시공원)',36.0254,129.352,'054-240-7757','FALSE',7147),('게이트볼장내 공중화장실','경상북도 포항시 북구 득량길48번길 14-9',36.0253,129.347,'054-240-7757','FALSE',7148),('북부시장(북쪽)','경상북도 포항시 북구 대신로30번길 9',36.0469,129.369,'054-240-7741','FALSE',7149),('북부시장(남쪽)','경상북도 포항시 북구 대신로 14',36.0454,129.368,'054-240-7741','FALSE',7150),('북부시장(동쪽)','경상북도 포항시 북구 대신로 22-1',36.0462,129.368,'054-240-7741','FALSE',7151),('북부해수욕장','경상북도 포항시 북구 항구동 17-87',36.056,129.378,'054-240-0214','FALSE',7152),('두호공영주차장','경상북도 포항시 북구 두호동 1016',36.0615,129.381,'054-246-0131','FALSE',7153),('호미곶광장(대보중학교쪽)','경상북도 포항시 북구 호미곶면 대보리 296-4(해맞이광장내)',36.0761,129.567,'054-270-5855','FALSE',7154),('여남 해안변','경상북도 포항시 북구 환여동 (여남해안가 좌측 안쪽)',36.0729,129.412,'054-252-0151','FALSE',7155),('호미곶광장(명품관쪽)','경상북도 포항시 남구 호미곶면 대보리 287-1(해맞이광장내)',36.0766,129.564,'054-270-5855','FALSE',7156),('덕성마을','경상북도 포항시 북구 흥해읍 덕성리(덕성마을)',36.145,129.322,'054-270-2241','FALSE',7157),('흥해민속박물관화장실','경상북도 포항시 북구 흥해읍 한동로 51',36.1108,129.347,'054-261-2798','FALSE',7158),('시외버스터미널(북측)','경상북도 포항시 남구 중흥로 85',36.0134,129.349,'054-273-3281','FALSE',7159),('시외버스터미널(남측)','경상북도 포항시 남구 중흥로 85',36.0134,129.349,'054-273-3281','FALSE',7160),('고속버스터미널공중화장실','경상북도 포항시 남구 중앙로 166',36.0281,129.368,'054-273-1001','FALSE',7161),('보경사야영장천령산입구','경상북도 포항시 북구 송라면 중산리 781-21',36.0314,129.383,'054-240-7555','FALSE',7162),('보경사주차장화장실','경상북도 포항시 북구 송라면 중산리 산 1-1',36.1719,129.202,'054-240-7555','FALSE',7163),('관리동','경상북도 포항시 북구 환호동 389-2',36.0677,129.393,'054-270-5575','FALSE',7164),('체육공원','경상북도 포항시 북구 환호동 331',36.0666,129.395,'054-270-5575','FALSE',7165),('어린이공원','경상북도 포항시 북구 환호동 299',36.0685,129.397,'054-270-5575','FALSE',7166),('전통공원','경상북도 포항시 북구 환호동 294-2',36.0673,129.399,'054-270-5575','FALSE',7167),('중앙공원','경상북도 포항시 북구 환호동 383',36.0669,129.391,'054-270-5575','FALSE',7168),('물의공원','경상북도 포항시 북구 두호동 산18-2',36.0655,129.388,'054-270-5575','FALSE',7169),('전 망 대','경상북도 포항시 북구 환호동 산61',36.0652,129.392,'054-270-5575','FALSE',7170),('원동7근린공원','경상북도 포항시 남구 오천읍 원리 1429',35.9725,129.409,'054-270-5575','FALSE',7171),('송림화장실','경상북도 포항시 남구 송도동 산 1-1 번지(송림숲)',35.9654,129.402,'054-270-6351','FALSE',7172),('동해산림체육공원화장실','경상북도 포항시 남구 동해면 신정리 산42번지',36.0905,129.396,'054-270-6351','FALSE',7173),('포항ktx역공중화장실','경상북도 포항시 북구 흥해읍 달전로 328-71',36.0726,129.343,'054-1544-7788','FALSE',7174),('여객선터미널공중화장실','경상북도 포항시 북구 해안로 44',36.0515,129.379,'054-245-1812','FALSE',7175),('호미곶광장(관리실앞)','경상북도 포항시 남구 호미곶면 대보리 296-4(해맞이광장내)',36.0942,129.337,'054-270-5855','FALSE',7176),('만남의광장 화장실','경상북도 포항시 남구 송도동 378-437',36.0314,129.383,'054-270-3215','FALSE',7177),('피박골저수지옆','경상북도 포항시 북구 기북면 성법리 산 142',36.1719,129.202,'054-243-5301','FALSE',7178),('오도2리 방파제화장실','경상북도 포항시 북구 흥해읍 오도리 6',36.1665,129.398,'054-240-7573','FALSE',7179),('곡강천 생태공원 화장실','경상북도 포항시 북구 흥해읍 용천리 1317-1',36.1239,129.35,'054-240-7573','FALSE',7180),('북천수화장실','경상북도 포항시 북구 흥해읍 북송리 477',36.1162,129.316,'054-240-7207','FALSE',7181),('영일만항 공중화장실','경상북도 포항시 북구 흥해읍 용한리 7-18',36.1115,129.431,'054-240-7207','FALSE',7182),('형산생태유수지 화장실','경상북도 포항시 남구 상도동 505-3',36.0065,129.348,'054-270-3933','FALSE',7183),('은천지 공중화장실','경상북도 포항시 북구 기북면 관천리 산 28-2',36.1133,129.151,'054-240-7704','FALSE',7184),('영일대 해수욕장 화장실','경상북도 포항시 남구 항구동 58-66번지선',36.052,129.377,'054-240-7732','FALSE',7185),('운제산 산림욕장 공중화장실','경상북도 포항시 남구 대송면 대각리 산 105번지(운제산 산림욕장)',36.0007,129.339,'054-270-3824','FALSE',7186),('형산빗물펌프장 앞','경상북도 포항시 남구 상도동 558',35.998,129.307,'054-270-4884','FALSE',7187),('연일부조장터','경상북도 포항시 남구 연일읍 생지리 482-3',36.0007,129.339,'054-270-4884','FALSE',7188),('구)효자검문소','경상북도 포항시 남구 연일읍 유강리 486-2',35.998,129.307,'054-270-4884','FALSE',7189),('마북리하천변입구공중화장실','경상북도 포항시 북구 신광면 마북리(하천변입구)',36.21,129.228,'054-240-7591','FALSE',7190),('냉수지공중화장실','경상북도 포항시 북구 신광면 냉수리(냉수지옆)',36.0924,129.252,'054-240-7591','FALSE',7191),('호리마을입구공중화장실','경상북도 포항시 북구 신광면 호리(호리마을입구)',36.1232,129.296,'054-240-7591','FALSE',7192),('송도해수욕장 공중화장실','경상북도 포항시 남구 송도동 311-285',36.0338,129.38,'054-270-6443','FALSE',7193),('송도해수욕장 휴게실 화장실','경상북도 포항시 남구 송도동 378-437',36.0314,129.383,'054-270-6443','FALSE',7194),('구룡포3리 버스종점','경상북도 포항시 남구 구룡포읍 구룡포3리 954-34 (버스종점참마트(앞))',36.0443,129.363,'054-270-6568','FALSE',7195),('원동11근린공원','경상북도 포항시 남구 오천읍 원리 979',36.0518,129.363,'054-270-5575','FALSE',7196),('물빛공원','경상북도 포항시 북구 양덕동 655-1(장량2근린공원)',36.0129,129.341,'054-270-5575','FALSE',7197),('장성근린공원','경상북도 포항시 북구 장성동 1531-1',36.0809,129.381,'054-270-5575','FALSE',7198),('장량근린공원','경상북도 포항시 북구 장성동 1371-1(장량근린공원)',36.0867,129.387,'054-270-5575','FALSE',7199),('초곡근린공원','경상북도 포항시 북구 흥해읍 초곡리 산38-101(초곡근린공원)',36.0942,129.337,'054-270-5575','FALSE',7200),('폐철도 도시숲','경상북도 포항시 북구 덕수동 산4-6',36.0443,129.363,'054-270-5575','FALSE',7201),('폐철도 도시숲','경상북도 포항시 북구 우현동 84',36.0518,129.363,'054-270-5575','FALSE',7202),('폐철도 도시숲','경상북도 포항시 남구 대잠동149-1',36.0129,129.341,'054-270-5573','FALSE',7203),('형산대교 밑 주차장','경상북도 포항시 남구 해도동 천381-1',36.0223,129.376,'054-270-6727','FALSE',7204),('운하관 주차장','경상북도 포항시 남구 해도동 천381-1',36.0223,129.378,'054-270-6727','FALSE',7205),('형산강 둔치 주차장','경상북도 포항시 남구 해도동 천381-1',36.0233,129.378,'054-270-6727','FALSE',7206),('영일대북부시장 채송화화장실','경상북도 포항시 북구 대신동62-58',36.0249,129.221,'054-240-7720','FALSE',7207),('영일대북부시장 국화화장실','경상북도 포항시 북구 대신동67-30',36.0247,129.221,'054-240-7720','FALSE',7208),('영일대북부시장 해바라기화장실','경상북도 포항시 북구 대신동66-38',36.0244,129.221,'054-240-7720','FALSE',7209),('죽도시장화장실(1)','경상북도 포항시 북구 죽도시장3길 9-6 (곰탕골목)',36.0359,129.366,'054-270-2435','FALSE',7210),('죽도시장화장실(2)','경상북도 포항시 북구 죽도시장7길 14-4 (건어물골목)',36.0362,129.367,'054-270-2435','TRUE',7211),('죽도시장화장실(3)','경상북도 포항시 북구 죽도시장1길 22-10 (번영회사무실)',36.0357,129.367,'054-270-2435','FALSE',7212),('죽도시장화장실(4)','경상북도 포항시 북구 죽도시장11길 3 (상인교육장)',36.0355,129.368,'054-270-2435','FALSE',7213),('죽도시장화장실(5)','경상북도 포항시 북구 죽도동 575-1 (어시장)',36.035,129.37,'054-270-2435','FALSE',7214);
/*!40000 ALTER TABLE `publicToilet` ENABLE KEYS */;
UNLOCK TABLES;

--
-- Table structure for table `rentalCar`
--

DROP TABLE IF EXISTS `rentalCar`;
/*!40101 SET @saved_cs_client     = @@character_set_client */;
/*!40101 SET character_set_client = utf8 */;
CREATE TABLE `rentalCar` (
  `ID` int(11) NOT NULL,
  `name` varchar(255) DEFAULT NULL,
  `address` varchar(255) DEFAULT NULL,
  `startTime` time DEFAULT NULL,
  `endTime` time DEFAULT NULL,
  `phoneNumber` varchar(255) DEFAULT NULL,
  PRIMARY KEY (`ID`)
) ENGINE=InnoDB DEFAULT CHARSET=utf8;
/*!40101 SET character_set_client = @saved_cs_client */;

--
-- Dumping data for table `rentalCar`
--

LOCK TABLES `rentalCar` WRITE;
/*!40000 ALTER TABLE `rentalCar` DISABLE KEYS */;
INSERT INTO `rentalCar` VALUES (14000,'㈜명가렌트카','경상북도 포항시 남구 중앙로 64(해도동)','08:30:00','19:30:00','070-8102-8083'),(14001,'㈜명가렌트카','경상북도 포항시 남구 희망대로 719(상도동)','08:30:00','19:30:00','070-7162-8585'),(14002,'㈜명가렌트카','경상북도 포항시 남구 오천읍 해병로 347번길 33-6','08:30:00','19:30:00','070-2638-3914'),(14003,'㈜명가렌트카','경상북도 포항시 북구 장량로128번길 6-7(장성동)','08:30:00','19:30:00','070-3521-8408'),(14004,'㈜명가렌트카','경상북도 포항시 북구 장량로67(장성동)','08:30:00','19:30:00','070-6317-7647'),(14005,'㈜명가렌트카','경상북도 울릉군 울릉읍 울릉순환로 221-3','08:30:00','19:30:00','070-6784-0450'),(14006,'㈜브이아이피렌트카','경상북도 포항시 남구 중앙로 143(해도동)','08:30:00','20:00:00','054-274-4972'),(14007,'㈜브이아이피렌트카','경상북도 경주시 태종로 706(사정동)','08:30:00','20:00:00','054-746-3009'),(14008,'㈜브이아이피렌트카','울산광역시 울주군 온산읍 신경5길 22','08:30:00','20:00:00','052-239-9947'),(14009,'㈜브이아이피렌트카','울산광역시 남구 신정로153번길 15(신정동)','08:30:00','20:00:00','052-256-4988'),(14010,'㈜에스아이렌트카','경상북도 포항시 남구 운하로 118(송도동)','08:00:00','19:00:00','054-286-0900'),(14011,'㈜참좋은렌트카','경상북도 포항시 남구 대이로 189번길 21-7(이동)','09:00:00','19:00:00','054-274-7766'),(14012,'㈜참좋은렌트카','경상북도 울진군 울진읍 울진중앙로 18','09:00:00','19:00:00','070-8594-0951'),(14013,'㈜포항알프스','경상북도 포항시 남구 동해면 일월로 11번길 5','09:00:00','19:00:00','054-284-1117'),(14014,'㈜포항알프스','경상북도 상주시 북상주로 102','09:00:00','19:00:00','070-8539-5548'),(14015,'㈜하이렌트카','경상북도 포항시 북구 중흥로265, 성원메디컬빌딩 108호','08:30:00','20:00:00','070-5967-9393'),(14016,'㈜하이렌트카','충청북도 청주시 청원구 율촌북로 17, 2층','08:30:00','20:00:00','070-5967-9393'),(14017,'㈜하이렌트카','경상북도 영주시 창진로 85','08:30:00','20:00:00','070-5967-9393'),(14018,'㈜하이렌트카','경상북도 안동시 태화길 143, 2층','08:30:00','20:00:00','070-5967-9393'),(14019,'㈜하이렌트카','울산광역시 남구 번영로 124번길 21 2층','08:30:00','20:00:00','070-5967-9393'),(14020,'㈜한진렌트카','경상북도 포항시 북구 새천년대로 410번길 3(대잠동)','08:30:00','19:00:00','054-277-9119'),(14021,'㈜한진렌트카','경상북도 경주시 소금강로 3(용강로)','08:30:00','19:00:00','054-745-8000'),(14022,'㈜한진렌트카','경상북도 포항시 북구 새천년대로 556-1(죽도동)','08:30:00','19:00:00','054-275-8234'),(14023,'㈜한진렌트카','경상북도 영주시 시청로 11(휴천동)','08:30:00','19:00:00','054-634-5034'),(14024,'㈜한진렌트카','경상북도 영천시 금완로 10(금노동)','08:30:00','19:00:00','054-336-1919'),(14025,'㈜한진렌트카','경상북도 상주시 경상대로 3171(만산동)','08:30:00','19:00:00','054-533-8711'),(14026,'㈜한진렌트카','경상북도 울릉군 서면 남양4길 24','08:30:00','19:00:00','054-791-5337'),(14027,'㈜한진렌트카','울산광역시 남구 달동 1250-1','08:30:00','19:00:00','054-900-5440'),(14028,'㈜한진렌트카','울산광역시 중구 내황2길 9','08:30:00','19:00:00','052-283-2115'),(14029,'㈜한진렌트카','대구광역시 서구 북비산로 183, A동 2층(평리동)','08:30:00','19:00:00','053-525-4123'),(14030,'㈜한진렌트카','경상북도 김천시 환경로 160(대광동)','08:30:00','19:00:00','054-434-9000'),(14031,'㈜한진렌트카','경상북도 포항시 남구 대송면 철강로 154','08:30:00','19:00:00','054-285-8255'),(14032,'㈜한진렌트카','경상북도 경산시 진량읍 봉회길 62','08:30:00','19:00:00','053-851-1725'),(14033,'㈜한진렌트카','경상북도 포항시 흥해읍 신흥로 849-6','08:30:00','19:00:00','054-262-9955'),(14034,'㈜한진렌트카','경상북도 경주시 소금강로 45번길 21(용강동)','08:30:00','19:00:00','054-743-7004'),(14035,'㈜한진렌트카','경기도 의정부시 신흥로 240번길 26','08:30:00','19:00:00','070-3384-8786'),(14036,'㈜한진렌트카','경상북도 경주시 공단로 35(황성동)','08:30:00','19:00:00','054-773-1112'),(14037,'㈜한진렌트카','울산광역시 남구 삼산동 1524-8','08:30:00','19:00:00','054-900-5440'),(14038,'㈜현대렌트카','경상북도 포항시 남구 포스코대로 381-1','08:30:00','19:00:00','054-278-0060'),(14039,'㈜현대렌트카','경상북도 안동시 맑은샘길 12(천리동)','09:00:00','19:00:00','054-843-0011'),(14040,'㈜현대렌트카','경상북도 울진군 울진읍 울진중앙로 27, 102호','09:00:00','19:00:00','054-781-8999'),(14041,'㈜현대렌트카','경상북도 울릉군 울릉읍 도동길 46','09:00:00','19:00:00','054-791-7913'),(14042,'㈜한진렌트카','경상북도 포항시 남구 대송로 290(동촌동)','08:30:00','19:00:00','054-285-8255'),(14043,'㈜한진렌트카','경상북도 포항시 북구 흥해읍 신흥로 849-6','08:30:00','19:00:00','054-262-9955'),(14044,'㈜하이렌트카','경상북도 안동시 문화광장길 17 (남문동)','08:30:00','20:00:00','070-5967-9393');
/*!40000 ALTER TABLE `rentalCar` ENABLE KEYS */;
UNLOCK TABLES;

--
-- Table structure for table `review`
--

DROP TABLE IF EXISTS `review`;
/*!40101 SET @saved_cs_client     = @@character_set_client */;
/*!40101 SET character_set_client = utf8 */;
CREATE TABLE `review` (
  `reviewID` int(11) NOT NULL AUTO_INCREMENT,
  `Name` varchar(45) DEFAULT NULL,
  `Text` text,
  `rating` float DEFAULT NULL,
  `postID` int(11) DEFAULT NULL,
  PRIMARY KEY (`reviewID`)
) ENGINE=InnoDB AUTO_INCREMENT=1014 DEFAULT CHARSET=utf8;
/*!40101 SET character_set_client = @saved_cs_client */;

--
-- Dumping data for table `review`
--

LOCK TABLES `review` WRITE;
/*!40000 ALTER TABLE `review` DISABLE KEYS */;
INSERT INTO `review` VALUES (1000,'What is this','da da da da da I\'m Loving it',5,1),(1001,'This is testing post','한국어도 잘 됩니다.',5,16000),(1002,'This is testing post','hmmmmmm',4,16000),(1003,'This is testing12 post','hmmmmmm',4,16001),(1004,'a','b',5,1),(1005,'너무 좋아요','민들레 아파트 너무 좋아요',5,16001),(1006,'12','123123',3,16000),(1007,'adsfasdfasf','this is testing again',3,16000),(1008,'123','session works very well',3,16001),(1009,'테스트','여기는 과속방지턱',4,16000),(1010,'민들레테스트','민들레 테스트',3,16001),(1011,'좋아요 !','사장님이 친절하시고 좋아요 ~~',5,15000),(1012,'test','hello',4,1000),(1013,'very clean and good','clean facility !! I strongly recommend !!',5,9000);
/*!40000 ALTER TABLE `review` ENABLE KEYS */;
UNLOCK TABLES;

--
-- Table structure for table `schoolZone`
--

DROP TABLE IF EXISTS `schoolZone`;
/*!40101 SET @saved_cs_client     = @@character_set_client */;
/*!40101 SET character_set_client = utf8 */;
CREATE TABLE `schoolZone` (
  `ID` int(11) NOT NULL,
  `name` varchar(255) DEFAULT NULL,
  `address` varchar(255) DEFAULT NULL,
  PRIMARY KEY (`ID`)
) ENGINE=InnoDB DEFAULT CHARSET=utf8;
/*!40101 SET character_set_client = @saved_cs_client */;

--
-- Dumping data for table `schoolZone`
--

LOCK TABLES `schoolZone` WRITE;
/*!40000 ALTER TABLE `schoolZone` DISABLE KEYS */;
INSERT INTO `schoolZone` VALUES (17000,'전박사어린이집','경상북도 포항시 북구 흥해읍 동해대로 1574번길 23'),(17001,'애플어린이집','경상북도 포항시 북구 새천년대로 1075번길 10'),(17002,'우현피터팬어린이집','경상북도 포항시 북구 아치로55번길 14(우현동)'),(17003,'장성어린이집','경상북도 포항시 북구 법원로 98번길 45-7(장성동)'),(17004,'키즈하버드어린이집','경상북도 포항시 북구 양덕로 50번길 54(양덕동)'),(17005,'양덕리더스어린이집','경상북도 포항시 북구 천마로 46번길 12-17(양덕동)'),(17006,'땡큐시립어린이집(어린이교통랜드)','경상북도 포항시 남구 뱃머리길 39번길 21(대도동)'),(17007,'상지아이들유치원','경상북도 포항시 북구 장량로 140번길 17(양덕동)'),(17008,'세이유치원','경상북도 포항시 북구 법원로 140번길 46-13(장성동)'),(17009,'성바오로유치원','경상북도 포항시 남구 오천읍 장기로 1520번길 22'),(17010,'오천초 병설유치원','경상북도 포항시 남구 오천읍 정몽주로 572'),(17011,'연일형산초 병설유치원','경상북도 포항시 남구 연일읍 형산강남로 262'),(17012,'청림초 병설유치원','경상북도 포항시 남구 정몽주로 890(청림동)'),(17013,'구정초 병설유치원','경상북도 포항시 남구 오천읍 구정길 11'),(17014,'장기초 병설유치원','경상북도 포항시 남구 장기면 모포길 59'),(17015,'연일초 병설유치원','경상북도 포항시 남구 연일읍 철강로25번길 40'),(17016,'양포초 병설유치원','경상북도 포항시 남구 장기면 장기로 33'),(17017,'가람유치원','경상북도 포항시 북구 양학천로 80'),(17018,'동해초 병설유치원','경상북도 포항시 남구 동해면 일월로 78'),(17019,'유강초 병설유치원','경상북도 포항시 남구 연일읍 유강길9번길 39'),(17020,'대이초 병설유치원','경상북도 포항시 남구 대이로46번길 35(대잠동)'),(17021,'대보초 병설유치원','경상북도 포항시 남구 호미곶면 보천길 16'),(17022,'인덕초 병설유치원','경상북도 포항시 남구 서원재로 170번길 9(인덕동)'),(17023,'효자초 병설유치원','경상북도 포항시 남구 효성로30번길 5(효자동)'),(17024,'문충초 병설유치원','경상북도 포항시 남구 오천읍 정몽주로 49'),(17025,'원동초 병설유치원','경상북도 포항시 남구 오천읍 냉천로 304번길 64'),(17026,'송림초 병설유치원','경상북도 포항시 남구 축항로 55(송도동)'),(17027,'신흥초 병설유치원','경상북도 포항시 남구 중흥로 100번길 13(상도동)'),(17028,'상대초 병설유치원','경상북도 포항시 남구 대해로 82(대도동)'),(17029,'남성초 병설유치원','경상북도 포항시 남구 대송면 홍계길 20'),(17030,'홍인유치원','경상북도 포항시 북구 창흥로36번길 8-15(창포동)'),(17031,'대해초 병설유치원','경상북도 포항시 남구 양학천로150번길 58(대도동)'),(17032,'대도초 병설유치원','경상북도 포항시 남구 상공로92번길 25-10(대도동)'),(17033,'송도초 병설유치원','경상북도 포항시 남구 송도로 80(송도동)'),(17034,'구룡포초 병설유치원','경상북도 포항시 남구 구룡포읍 구룡포길 61'),(17035,'대송초 병설유치원','경상북도 포항시 남구 대송면 제내길 24'),(17036,'문덕초 병설유치원','경상북도 포항시 남구 오천읍 해병로 397'),(17037,'포항남부초교병설유치원','경상북도 포항시 북구 새천년대로 606(용흥동)'),(17038,'항구초교병설유치원','경상북도 포항시 북구 삼호로468번길 5-12(환호동)'),(17039,'달전초교병설유치원','경상북도 포항시 북구 흥해읍 달전로 215'),(17040,'대흥초교병설유치원','경상북도 포항시 북구 용흥로292번길 33(용흥동)'),(17041,'장성초교병설유치원','경상북도 포항시 북구 새천년대로1123번길 6(장성동)'),(17042,'흥해서부초교병설유치원','경상북도 포항시 북구 흥해읍 북송길 53'),(17043,'기계초교병설유치원','경상북도 포항시 북구 기계면 기계로 122'),(17044,'송라초교병설유치원','경상북도 포항시 북구 송라면 보경로 57'),(17045,'양학초교병설유치원','경상북도 포항시 북구 양학로 110(학잠동)'),(17046,'곡강초교병설유치원','경상북도 포항시 북구 양학로 110(학잠동)'),(17047,'중앙초교병설유치원','경상북도 포항시 북구 삼호로 30(동빈1가)'),(17048,'죽천초교병설유치원','경상북도 포항시 북구 흥해읍 죽천길185번길 30'),(17049,'죽장초교병설유치원','경상북도 포항시 북구 죽장면 새마을로 3575'),(17050,'해맞이초교병설유치원','경상북도 포항시 북구 환호로 37(환호동)'),(17051,'신광초교병설유치원','경상북도 포항시 북구 신광면 토성길 31'),(17052,'창포초교병설유치원','경상북도 포항시 북구 새천년대로1075번길 32'),(17053,'학천초등병설유치원','경상북도 포항시 북구 흥해읍 도음로856번길 17'),(17054,'양덕초등병설유치원','경상북도 포항시 북구 양덕로20-5(양덕동)'),(17055,'포항동부초교병설유치원','경상북도 포항시 북구 삼호로 273'),(17056,'죽도초교병설유치원','경상북도 포항시 북구 중흥로 195'),(17057,'포항초교병설유치원','경상북도 포항시 북구 서동로47번길 23(덕산동)'),(17058,'영흥초교병설유치원','경상북도 포항시 북구 죽도로68번길 16-14'),(17059,'흥해초교병설유치원','경상북도 포항시 북구 흥해읍 흥해로 107'),(17060,'청하초교병설유치원','경상북도 포항시 북구 청하면 청하로217번길 19'),(17061,'대잠초교병설유치원','경상북도 포항시 북구 중흥로161번길 16'),(17062,'항도초교병설유치원','경상북도 포항시 북구 항도길 13'),(17063,'용흥초교병설유치원','경상북도 포항시 북구 용흥로 118'),(17064,'월포초교병설유치원','경상북도 포항시 북구 청하면 월포로 146'),(17065,'죽장상옥분교병설유치원','경상북도 포항시 북구 죽장면 죽장로 1815'),(17066,'포항유치원','경상북도 포항시 남구 중앙로68번길 19'),(17067,'새롬유치원','경상북도 포항시 남구 희망대로382번길 25'),(17068,'제2리라유치원','경상북도 포항시 남구 상대로 125-2'),(17069,'오천제일유치원','경상북도 포항시 남구 오천읍 해병로231번길 20'),(17070,'포항제철유치원','경상북도 포항시 남구 지곡로260번길 7'),(17071,'연일백합유치원','경상북도 포항시 남구 연일읍 중단길 46'),(17072,'효성유치원','경상북도 포항시 남구 동해면 일월로 239'),(17073,'포항이동유치원','경상북도 포항시 남구 대잠길 88'),(17074,'튜립유치원','경상북도 포항시 남구 오천읍 철강로705번길 15'),(17075,'아이클유치원','경상북도 포항시 남구 상공로18번길 15-9'),(17076,'사랑으로유치원','경상북도 포항시 남구 오천읍 철강로 705번길 15'),(17077,'고려유치원','경상북도 포항시 북구 선착로 54'),(17078,'동산유치원','경상북도 포항시 북구 새천년대로 1201-26'),(17079,'서머힐유치원','경상북도 포항시 북구 두호동 우방신천지 214동'),(17080,'대동유치원','경상북도 포항시 북구 중앙로419번길 27'),(17081,'이룸유치원','경상북도 포항시 북구 흥해읍 신흥로861번길 7'),(17082,'성심유치원','경상북도 포항시 북구 해동로 165'),(17083,'새싹발트유치원','경상북도 포항시 북구 용흥로291번길 15'),(17084,'행복한유치원','경상북도 포항시 북구 장량로128번길 50'),(17085,'청하남부분교병설유치원','경상북도 포항시 북구 청하면 사방공원길 27'),(17086,'공립단설 유강유치원','경상북도 포항시 남구 연일읍 유강길9번길 60'),(17087,'해맑은유치원','경상북도 포항시 남구 오천읍 냉천로 270번길 13-9'),(17088,'아띠랑유치원','경상북도 포항시 남구 오천읍 문덕로 64번길 9'),(17089,'숲속꿈의유치원','경상북도 포항시 북구 흥해읍 신덕로 80-49'),(17090,'제일유치원','경상북도 포항시 북구 새마을로 172'),(17091,'오천초교','경상북도 포항시 남구 오천읍 정몽주로 572'),(17092,'이동초교','경상북도 포항시 남구 포스코대로 147-10'),(17093,'연일 형산초교','경상북도 포항시 남구 연일읍 형산강남로 262'),(17094,'청림초교','경상북도 포항시 남구 정몽주로 890(청림동)'),(17095,'두호남부초교','경상북도 포항시 북구 두호로52번길 13'),(17096,'구정초교','경상북도 포항시 남구 오천읍 구정길 11'),(17097,'장기초교','경상북도 포항시 남구 장기면 모포길 59'),(17098,'연일초교','경상북도 포항시 남구 연일읍 철강로25번길 40'),(17099,'양포초교','경상북도 포항시 남구 장기면 장기로 33'),(17100,'동해초교','경상북도 포항시 남구 동해면 일월로 78'),(17101,'포항남부초교','경상북도 포항시 북구 새천년대로 606(용흥동)'),(17102,'항구초교','경상북도 포항시 북구 삼호로468번길 5-12(환호동)'),(17103,'장량초교','경상북도 포항시 북구 삼흥로100번길 9(장성동)'),(17104,'달전초교','경상북도 포항시 북구 흥해읍 달전로 215'),(17105,'대흥초교','경상북도 포항시 북구 용흥로292번길 33(용흥동)'),(17106,'유강초교','경상북도 포항시 남구 연일읍 유강길9번길 39'),(17107,'장성초교','경상북도 포항시 북구 새천년대로1123번길 6(장성동)'),(17108,'흥해서부초교','경상북도 포항시 북구 흥해읍 북송길 53'),(17109,'기계초교','경상북도 포항시 북구 기계면 기계로 122'),(17110,'송라초교','경상북도 포항시 북구 송라면 보경로 57'),(17111,'양학초교','경상북도 포항시 북구 양학로 110(학잠동)'),(17112,'대이초교','경상북도 포항시 남구 대이로 46번길 35'),(17113,'곡강초교','경상북도 포항시 북구 양학로 110(학잠동)'),(17114,'장원초교','경상북도 포항시 북구 법원로63번길 10(장성동)'),(17115,'장흥초교','경상북도 포항시 북구 양덕남로 11(장성동)'),(17116,'대보초교','경상북도 포항시 남구 호미곶면 보천길 16'),(17117,'인덕초교','경상북도 포항시 남구 서원재로170번길 9(인덕동)'),(17118,'중앙초교','경상북도 포항시 북구 삼호로 30(동빈1가)'),(17119,'죽천초교','경상북도 포항시 북구 흥해읍 죽천길185번길 30'),(17120,'죽장초교','경상북도 포항시 북구 죽장면 새마을로 3575'),(17121,'해맞이초교','경상북도 포항시 북구 환호로 37(환호동)'),(17122,'신광초교','경상북도 포항시 북구 신광면 토성길 31'),(17123,'창포초교','경상북도 포항시 북구 새천년대로1075번길 32'),(17124,'학천초등','경상북도 포항시 북구 흥해읍 도음로856번길 17'),(17125,'양덕초등','경상북도 포항시 북구 양덕로20-5(양덕동)'),(17126,'효자초등','경상북도 포항시 남구 효성로30번길 5(효자동)'),(17127,'문충초등','경상북도 포항시 남구 오천읍 정몽주로 49'),(17128,'원동초등','경상북도 포항시 남구 오천읍 냉천로 304번길 64'),(17129,'포항동부초교','경상북도 포항시 북구 삼호로 273(두호동)'),(17130,'죽도초교','경상북도 포항시 북구 중흥로 195(죽도동)'),(17131,'포항초교','경상북도 포항시 북구 서동로47번길 23(덕산동)'),(17132,'송림초교','경상북도 포항시 남구 축항로 55(송도동)'),(17133,'신흥초교','경상북도 포항시 남구 중흥로100번길 13(상도동)'),(17134,'상대초교','경상북도 포항시 남구 대해로 82(대도동)'),(17135,'남성초교','경상북도 포항시 남구 대송면 홍계길 20'),(17136,'영흥초교','경상북도 포항시 북구 죽도로68번길 16-14'),(17137,'흥해초교','경상북도 포항시 북구 흥해읍 흥해로 107'),(17138,'청하초교','경상북도 포항시 북구 청하면 청하로217번길 19'),(17139,'두호초교','경상북도 포항시 북구 창흥로36번길 23'),(17140,'양서초교','경상북도 포항시 북구 천마로89번길 18-10'),(17141,'초곡초교','경상북도 포항시 북구 흥해읍 초곡지구로58번길 56'),(17142,'아이누리어린이집','경상북도 포항시 남구 대잠길 69번길 10'),(17143,'수석어린이집','경상북도 포항시 남구 오천읍 정몽주로546번길 17-1'),(17144,'샛별어린이집','경상북도 포항시 남구 오천읍 장기로 1533'),(17145,'포항근로복지공단 어린이집','경상북도 포항시 남구 오천읍 철강로 705번길 15'),(17146,'사랑해요어린이집','경상북도 포항시 남구 오천읍 철강로 731번길 13'),(17147,'감사해요어린이집','경상북도 포항시 남구 오천읍 철강로 731번길 13'),(17148,'동아어린이집','경상북도 포항시 남구 효자동길10번길 49-1(효자동)'),(17149,'밤비니어린이집','경상북도 포항시 남구 효성로 93번길 26-7(효자동)'),(17150,'유강서머힐어린이집','경상북도 포항시 남구 연일읍 유강길 17번길 16-2'),(17151,'선어린이집','경상북도 포항시 남구 대이로159번길 15(이동)'),(17152,'아이사랑어린이집','경상북도 포항시 남구 구룡포읍 하정로 221'),(17153,'예송어린이집','경상북도 포항시 남구 연일읍 중단길4번길 25'),(17154,'풀잎어린이집','경상북도 포항시 남구 연일읍 원서길 138'),(17155,'대한어린이집','경상북도 포항시 북구 학전로 111번길 47-11(두호동)'),(17156,'포항현대어린이집','경상북도 포항시 북구 새천년대로631번길 17-25'),(17157,'효성어린이집','경상북도 포항시 북구 용흥로 140-1(용흥동)'),(17158,'루체어린이집','경상북도 포항시 북구 장성동 1610-3'),(17159,'상지어린이집','경상북도 포항시 북구 장량로 119(장성동)'),(17160,'꽃동산어린이집','경상북도 포항시 북구 법원로 129번길 24-11(장성동)'),(17161,'도움터어린이집','경상북도 포항시 북구 장량로 31번길 53-6(장성동)'),(17162,'새롬어린이집','경상북도 포항시 북구 죽도로20번길 29(죽도동)'),(17163,'포항삼성어린이집','경상북도 포항시 북구 중흥로 226(죽도동)'),(17164,'맘어린이집','경상북도 포항시 북구 흥해읍 도음로 893-6'),(17165,'우주과학어린이집','경상북도 포항시 북구 흥해읍 도음로 917번길 32-2'),(17166,'도레미어린이집','경상북도 포항시 북구 침촌마을길 24-10'),(17167,'위즈캐슬어린이집','경상북도 포항시 남구 오천읍 중원로 93-76'),(17168,'솜사탕어린이집','경상북도 포항시 북구 환호로 24'),(17169,'니하오어린이집','경상북도 포항시 북구 문화로13번길 17'),(17170,'꽃동산유치원','경상북도 포항시 법원로 129번길 24-11');
/*!40000 ALTER TABLE `schoolZone` ENABLE KEYS */;
UNLOCK TABLES;

--
-- Table structure for table `speedBumps`
--

DROP TABLE IF EXISTS `speedBumps`;
/*!40101 SET @saved_cs_client     = @@character_set_client */;
/*!40101 SET character_set_client = utf8 */;
CREATE TABLE `speedBumps` (
  `ID` varchar(45) NOT NULL,
  `address` varchar(255) DEFAULT NULL,
  `name` varchar(255) DEFAULT NULL,
  `roadname` varchar(255) DEFAULT NULL,
  PRIMARY KEY (`ID`)
) ENGINE=InnoDB DEFAULT CHARSET=utf8;
/*!40101 SET character_set_client = @saved_cs_client */;

--
-- Dumping data for table `speedBumps`
--

LOCK TABLES `speedBumps` WRITE;
/*!40000 ALTER TABLE `speedBumps` DISABLE KEYS */;
INSERT INTO `speedBumps` VALUES ('16000','경상북도 포항시 남구 상도동 614','신흥초등학교 앞','상도로'),('16001','경상북도 포항시 남구 상도동 614','민들레아파트 앞','상도로'),('16002','경상북도 포항시 남구 대도동 175','귀빈헤어샵 앞','상공로'),('16003','경상북도 포항시 남구 대도동 175','대도1어린이공원 앞','상공로'),('16004','경상북도 포항시 남구 대도동 175','상도중학교 앞','상공로'),('16005','경상북도 포항시 남구 대도동 175','상도중학교 앞','상공로'),('16006','경상북도 포항시 남구 대도동 175','상도중학교 앞','상공로'),('16007','경상북도 포항시 남구 대도동 175','중앙상도타운 아파트 앞','상공로'),('16008','경상북도 포항시 남구 대도동 175','대도초등학교 앞','상공로'),('16009','경상북도 포항시 남구 대도동 175','대도초등학교 앞','상공로'),('16010','경상북도 포항시 남구 대도동 175','대도초등학교 앞','상공로'),('16011','경상북도 포항시 남구 대도동 175','대도2어린이공원','상공로'),('16012','경상북도 포항시 남구 대도동 175','무궁화아파트','상공로'),('16013','경상북도 포항시 남구 대도동 175','퀸스타운 앞','상공로'),('16014','경상북도 포항시 남구 대도동 175','명헤어 앞','상공로'),('16015','경상북도 포항시 남구 대도동 175','흥부이삿집 앞','상공로'),('16016','경상북도 포항시 남구 대도동 175','포항시 영아 어린이집 앞','상공로'),('16017','경상북도 포항시 남구 대도동 175','원풍식당 앞','상공로'),('16018','경상북도 포항시 남구 대도동 175','오리궁뎅이 노래연습장 앞','상공로'),('16019','경상북도 포항시 남구 일월동 684-30','한빛타운','동해안로'),('16020','경상북도 포항시 남구 일월동 684-30','한빛타운','동해안로'),('16021','경상북도 포항시 남구 오천읍 세계리 822-9','오천성당','장기로'),('16022','경상북도 포항시 남구 오천읍 원리 921-1','에쿠스빌','냉천로'),('16023','경상북도 포항시 남구 오천읍 원리 921-1','마을회관 앞','동해안로'),('16024','경상북도 포항시 남구 오천읍 원리 921-1','마을회관 지나','동해안로'),('16025','경상북도 포항시 남구 오천읍 원리 921-1','물보라상회 앞','동해안로'),('16026','경상북도 포항시 남구 오천읍 원리 921-1','과메기문화관','용주로'),('16027','경상북도 포항시 남구 오천읍 원리 921-1','황칠돼지국밥','정몽주로'),('16028','경상북도 포항시 남구 오천읍 원리 921-1','촌밥상 앞','정몽주로'),('16029','경상북도 포항시 남구 오천읍 원리 921-1','오천고등학교','해병로'),('16030','경상북도 포항시 북구 죽도동 633-5','죽도초등학교 후문','중흥로'),('16031','경상북도 포항시 북구 죽도동 641-1','롯데슈퍼 옆','중흥로'),('16032','경상북도 포항시 북구 학잠동 191','양학초등학교 앞','양학로'),('16033','경상북도 포항시 북구 득량동 205-6','양학중학교 앞','이동로'),('16034','경상북도 포항시 북구 용흥동 532-1','용흥초등학교 앞','용흥로'),('16035','경상북도 포항시 북구 용흥동 315','경상북도포항의료원 앞','용흥로'),('16036','경상북도 포항시 북구 용흥동 418-8','대흥초등학교 앞','용흥로'),('16037','경상북도 포항시 북구 학산동 243','포항여고 앞','장미길'),('16038','경상북도 포항시 북구 우현동 540','신동아베르디1차 앞','우창로'),('16039','경상북도 포항시 북구 두호동 919-9','두호남부초등학교 앞','두호로'),('16040','경상북도 포항시 북구 두호동 410','윈플러스포항북구점 앞','삼호로'),('16041','경상북도 포항시 북구 두호동 127','완도전복수산 앞','해안로'),('16042','경상북도 포항시 북구 장성동 1429-1','장흥초등학교 정문 앞','양덕남로'),('16043','경상북도 포항시 북구 양덕동 1717','프렌즈데이커피숍 앞','양덕로'),('16044','경상북도 포항시 북구 흥해읍 약성리 100','흥해초등학교 앞','흥해로'),('16045','경상북도 포항시 북구 흥해읍 남성리 338','흥해남산초등학교 앞','남미질로'),('16046','경상북도 포항시 북구 흥해읍 학천리 109','학천초등학교 앞','도음로'),('16047','경상북도 포항시 북구 흥해읍 이인리 286','달전초등학교 앞','달전로'),('16048','경상북도 포항시 북구 흥해읍 용천리 1203','곡강초등학교 앞','칠포로'),('16049','경상북도 포항시 북구 흥해읍 우목리 105','죽천초등학교 앞','죽천길'),('16050','경상북도 포항시 북구 흥해읍 옥성리 245-7','경인별장 앞','동해대로'),('16051','경상북도 포항시 북구 흥해읍 매산리 1-6','흥해서부초등학교 앞','북송길'),('16052','경상북도 포항시 북구 흥해읍 남송리 3','한동글로벌학교 앞','한동로'),('16053','경상북도 포항시 북구 흥해읍 초곡리 146-1','선린대학교 앞','초곡길'),('16054','경상북도 포항시 북구 흥해읍 죽천리 산55','포항대학교 앞','신덕로'),('16055','경상북도 포항시 북구 우현동 201-6','대동중학교 앞','우창서길'),('16056','경상북도 포항시 북구 우현동 539-1','우현동신동아파밀리에 앞','우창로'),('16057','경상북도 포항시 북구 송라면 광천리 189-5','송라초등학교 앞','보경로'),('16058','경상북도 포항시 북구 청하면 덕성리 384-1','포항청하중학교 앞','청하로'),('16059','경상북도 포항시 북구 기계면 현내리 842-2','기계초등학교 앞','기계로'),('16060','경상북도 포항시 남구 대도동 643-3','대도교회~주차장사이','상공로'),('16061','경상북도 포항시 남구 오천읍 원리 1303','스크린골프사거리','냉천로'),('16062','경상북도 포항시 남구 구룡포읍 눌태리 9-4','농협조합창고 앞','구룡포길'),('16063','경상북도 포항시 남구 동해면 흥환길 11','흥환리 경로당 앞','흥환길'),('16064','경상북도 포항시 남구 장흥동 175-1','송동철도건널목 전,후','장흥동'),('16065','경상북도 포항시 남구 대각리 433-1','화성제어 앞','운제로'),('16066','경상북도 포항시 남구 오천읍 용덕리 322-47','마을안길','용덕리'),('16067','경상북도 포항시 남구 오천읍 용덕리 420-16','마을안길','용덕리'),('16068','경상북도 포항시 남구 연일읍 생지리 496-2','명성강변 2차 앞','생지리'),('16069','경상북도 포항시 남구 연일읍 생지리 496-2','명성강변 2차 앞','생지리'),('16070','경상북도 포항시 남구 연일읍 생지리 496-2','명성강변 2차 앞','생지리'),('16071','경상북도 포항시 남구 인덕동 5-5','홍성아파트 뒤','인덕동'),('16072','경상북도 포항시 남구 인덕동 5-5','홍성아파트 뒤','인덕동'),('16073','경상북도 포항시 남구 대도동 328-11','문화예술회관 뒤','형산강북로'),('16074','경상북도 포항시 남구 대도동 328-11','문화예술회관 뒤','형산강북로'),('16075','경상북도 포항시 남구 대도동 328-11','문화예술회관 뒤','형산강북로'),('16076','경상북도 포항시 남구 구룡포읍 구룡포리 249-36','일본인 가옥거리 앞','구룡포길'),('16077','경상북도 포항시 남구 지곡동 166-6','GIFT철강대학원 뒤','지곡동'),('16078','경상북도 포항시 남구 대잠동 891-1','철길숲','대잠동'),('16079','경상북도 포항시 남구 연일읍 택전리 597-1','마을안길','택전리'),('16080','경상북도 포항시 남구 상도동 520','남부경찰서 옆','상도로'),('16081','경상북도 포항시 북구 죽도동 633-5','죽도초등학교 후문','중흥로'),('16082','경상북도 포항시 북구 죽도동 641-1','롯데슈퍼 옆','중흥로'),('16083','경상북도 포항시 북구 학잠동 191','양학초등학교 앞','양학로'),('16084','경상북도 포항시 북구 득량동 205-6','양학중학교 앞','이동로'),('16085','경상북도 포항시 북구 용흥동 532-1','용흥초등학교 앞','용흥로'),('16086','경상북도 포항시 북구 용흥동 315','경상북도포항의료원 앞','용흥로'),('16087','경상북도 포항시 북구 용흥동 418-8','대흥초등학교 앞','용흥로'),('16088','경상북도 포항시 북구 학산동 243','포항여고 앞','장미길'),('16089','경상북도 포항시 북구 우현동540','신동아베르디1차 앞','우창로'),('16090','경상북도 포항시 북구 두호동 919-9','두호남부초등학교 앞','두호로'),('16091','경상북도 포항시 북구 두호동 410','윈플러스포항북구점 앞','삼호로'),('16092','경상북도 포항시 북구 두호동127','완도전복수산 앞','해안로'),('16093','경상북도 포항시 북구 장성동 1429-1','장흥초등학교 정문 앞','양덕남로'),('16094','경상북도 포항시 북구 양덕동 1717','프렌즈데이커피숍 앞','양덕로'),('16095','경상북도 포항시 북구 흥해읍 약성리 100','흥해초등학교 앞','흥해로'),('16096','경상북도 포항시 북구 흥해읍 남성리 338','흥해남산초등학교 앞','남미질로'),('16097','경상북도 포항시 북구 흥해읍 학천리 109','학천초등학교 앞','도음로'),('16098','경상북도 포항시 북구 흥해읍 이인리 286','달전초등학교 앞','달전로'),('16099','경상북도 포항시 북구 흥해읍 용천리 1203','곡강초등학교 앞','칠포로'),('16100','경상북도 포항시 북구 흥해읍 우목리 105','죽천초등학교 앞','죽천길'),('16101','경상북도 포항시 북구 흥해읍 옥성리 245-7','경인별장 앞','동해대로'),('16102','경상북도 포항시 북구 흥해읍 매산리 1-6','흥해서부초등학교 앞','북송길'),('16103','경상북도 포항시 북구 흥해읍 남송리 3','한동글로벌학교 앞','한동로'),('16104','경상북도 포항시 북구 흥해읍 초곡리 146-1','선린대학교 앞','초곡길'),('16105','경상북도 포항시 북구 흥해읍 죽천리 산55','포항대학교 앞','신덕로'),('16106','경상북도 포항시 북구 우현동 201-6','대동중학교 앞','우창서길'),('16107','경상북도 포항시 북구 우현동 539-1','우현동신동아파밀리에 앞','우창로'),('16108','경상북도 포항시 북구 송라면 광천리 189-5','송라초등학교 앞','보경로'),('16109','경상북도 포항시 북구 청하면 덕성리 384-1','포항청하중학교 앞','청하로'),('16110','경상북도 포항시 북구 기계면 현내리 842-2','기계초등학교 앞','기계로'),('16111','경상북도 포항시 북구 장성동 1567-1','색동어린이집앞','법원로'),('16112','경상북도 포항시 북구 장성동 1557-3','유정장어 앞','장량로'),('16113','경상북도 포항시 북구 장성동 441-3','장량초등학교 앞','삼흥로'),('16114','경상북도 포항시 북구 두호동 1069','매일문구서점 앞','삼흥로'),('16115','경상북도 포항시 북구 장성동 1366','선우비취타운 앞','삼흥로'),('16116','경상북도 포항시 북구 장성동 1518-3','장량성당 앞','법원로'),('16117','경상북도 포항시 북구 창포동 645-2','장성초등학교 앞','새천년대로'),('16118','경상북도 포항시 북구 양덕동 1800','구이촌 옆','양덕로'),('16119','경상북도 포항시 북구 양덕동 1530','양덕리더스어린이집 앞','천마로'),('16120','경상북도 포항시 북구 장성동 1454-1','네네치킨 앞','법원로'),('16121','경상북도 포항시 북구 양덕동 781-1','라솜 앞','장량주택로'),('16122','경상북도 포항시 북구 장성동 866-197','장성파출소 앞','성실로'),('16123','경상북도 포항시 북구 창포동 614','두호초등학교 앞','창흥로'),('16124','경상북도 포항시 북구 창포동 616-6','난나유치원 앞','창흥로'),('16125','경상북도 포항시 북구 창포동 401-4','-','-'),('16126','경상북도 포항시 북구 창포동 629-15','동부금강빌라 앞','새천년대로'),('16127','경상북도 포항시 북구 창포동 627-3','정원빌라2차 앞','창흥로'),('16128','경상북도 포항시 북구 창포동 624-5','성봉파크1차 앞','창흥로'),('16129','경상북도 포항시 북구 창포동 618-13','포항성광교회 앞','창흥로'),('16130','경상북도 포항시 북구 창포동 612','두호주공2차아파트 옆','-'),('16131','경상북도 포항시 북구 창포동 산 100-8','-','새천년대로'),('16132','경상북도 포항시 북구 창포동 626-6','포항성당 뒤','창흥로'),('16133','경상북도 포항시 북구 창포동 626-4','화남 그린빌 앞','창흥로'),('16134','경상북도 포항시 북구 창포동 630','정말순낙지 앞','창흥로'),('16135','경상북도 포항시 북구 창포동 640-19','기와집 앞','창흥로'),('16136','경상북도 포항시 북구 창포동 640-6','마리아펌앤컷 앞','창흥로'),('16137','경상북도 포항시 북구 창포동 640-13','홍안빌라 옆','창흥로'),('16138','경상북도 포항시 북구 창포동 645','창포어린이집 옆','새천년대로'),('16139','경상북도 포항시 북구 창포동 645','창포경희한의원 앞','새천년대로'),('16140','경상북도 포항시 북구 창포동 647','창포중학교 앞','새천년대로'),('16141','경상북도 포항시 북구 장성동 1342','창포보성아파트 101동 옆','새천년대로'),('16142','경상북도 포항시 북구 창포동 377-2','-','우창동로'),('16143','경상북도 포항시 북구 창포동 산 100','금호계량 자동차정비 공업사 옆','새천년대로'),('16144','경상북도 포항시 북구 우현동 273','명도학교입구','소티재로'),('16145','경상북도 포항시 북구 우현동 538','신동아베르디2차 입구','우창서길'),('16146','경상북도 포항시 북구 우현동 541','이조은 치과의원 앞','우창로'),('16147','경상북도 포항시 북구 우현동 541-3','뉴베로디종합상가 앞','우창로'),('16148','경상북도 포항시 북구 우현동 산 19-1','사랑약국 앞','우창동로'),('16149','경상북도 포항시 북구 우현동 25-1','풍림아이원아파트 104동 옆','우창동로'),('16150','경상북도 포항시 북구 우현동 106-5','우현손칼국수 앞','아치로'),('16151','경상북도 포항시 북구 우현동 108-1','GNB어학원 앞','아치로'),('16152','경상북도 포항시 북구 우현동 114-1','KT 로이넷 우현점 앞','중앙로'),('16153','경상북도 포항시 북구 우현동 109-2','뚜레쥬르 뒤','중앙로'),('16154','경상북도 포항시 북구 우현동 94-8','대동우방타운 입구','중앙로'),('16155','경상북도 포항시 북구 우현동 94-8','대동우방타운 내부','중앙로'),('16156','경상북도 포항시 북구 우현동 93-8','운문산 얼음막걸리 앞','중앙로'),('16157','경상북도 포항시 북구 우현동 94-12','이성은 프라하미술 앞','중앙로'),('16158','경상북도 포항시 북구 학산동 243','포여고 앞','장미길'),('16159','경상북도 포항시 북구 두호동 67','아리랑회식당 앞','해안로'),('16160','경상북도 포항시 북구 두호동 70','경주회식당 앞','해안로'),('16161','경상북도 포항시 북구 두호동 126-3','-','해안로'),('16162','경상북도 포항시 북구 두호동 130','심심상인 앞','해안로'),('16163','경상북도 포항시 북구 두호동 1009-16','부일돼지마을 앞','해안로'),('16164','경상북도 포항시 북구 두호동 554','조개2번지 앞','삼호로'),('16165','경상북도 포항시 북구 두호동 1014-1','바다이야기 앞','해안로'),('16166','경상북도 포항시 북구 두호동 681','싱싱조개싱싱꽃새우 앞','해안로'),('16167','경상북도 포항시 북구 두호동 687','-','해안로'),('16168','경상북도 포항시 북구 두호동 1015','커피스미스 앞','해안로'),('16169','경상북도 포항시 북구 항구동 17-90','동경야시장 앞','해안로'),('16170','경상북도 포항시 북구 두호동 205-26','페리카나 앞','삼호로'),('16171','경상북도 포항시 북구 두호동 1082-3','산호그린맨션2차아파트 앞','삼흥로'),('16172','경상북도 포항시 북구 두호동 1081-5','제일우성1차아파트 앞','용두산길'),('16173','경상북도 포항시 북구 두호동 1081-5','제일우성1차아파트 입구','용두산길'),('16174','경상북도 포항시 북구 두호동 1081-5','제일우성1차아파트 내부','용두산길'),('16175','경상북도 포항시 북구 장성동 1350-1','산호그린맨션2차아파트 입구','용두산길'),('16176','경상북도 포항시 북구 장성동 1350-1','산호그린맨션2차아파트 내부','용두산길'),('16177','경상북도 포항시 북구 두호동 1070','동아금강맨션 내부','용두산길'),('16178','경상북도 포항시 북구 두호동 336','포항동부초 옆','-'),('16179','경상북도 포항시 북구 두호동 856','달짝지근 앞','삼호로'),('16180','경상북도 포항시 북구 두호동 858','대성빌라 앞','삼호로'),('16181','경상북도 포항시 북구 두호동 847','포항영락교회 앞','삼호로'),('16182','경상북도 포항시 북구 두호동 840','풍경소리 옆','삼호로'),('16183','경상북도 포항시 북구 두호동 1026-4','할매돌곱창 앞','두호로'),('16184','경상북도 포항시 북구 두호동 1026-6','까페두 앞','두호로'),('16185','경상북도 포항시 북구 두호동 1024','이룸지역아동센터','두호로'),('16186','경상북도 포항시 북구 두호동 1053-8','참빛대로교회 앞','두호로'),('16187','경상북도 포항시 북구 두호동 1055-14','동해민속식당 앞','두호로'),('16188','경상북도 포항시 북구 두호동 753','신천지세탁소 앞','새천년대로'),('16189','경상북도 포항시 북구 항구동 7-20','태백산뒷고기 앞','학전로'),('16190','경상북도 포항시 북구 두호동 1095-11','-','대곡로'),('16191','경상북도 포항시 북구 두호동 1100-8','구이가포항 북구점 앞','대곡로'),('16192','경상북도 포항시 북구 두호동 1098-7','쌈촌 포항1호점 앞','대곡로'),('16193','경상북도 포항시 북구 장성동 1607','현진에버빌 1단지아파트 앞','성실로'),('16194','경상북도 포항시 북구 장성동 1234','한일냉난방 앞','삼흥로'),('16195','경상북도 포항시 북구 장성동 1267','명가축산물도매시장 앞','학전로'),('16196','경상북도 포항시 북구 두호동 1104-13','크린토피아 앞','대곡로'),('16197','경상북도 포항시 북구 두호동 1103-3','순수 앞','대곡로'),('16198','경상북도 포항시 북구 두호동 1105','워시엔조이 앞','학전로'),('16199','경상북도 포항시 북구 두호동 1050','포레 앞','학전로'),('16200','경상북도 포항시 북구 두호동 1056-2','화신빌라 앞','두호로'),('16201','경상북도 포항시 북구 두호동 990-5','포항프라임복싱클럽 앞','새천년대로'),('16202','경상북도 포항시 북구 학산동 288','포항고등학교 앞','아호로'),('16203','경상북도 포항시 북구 학산동 6-2','우방청운아파트 입구','학전로'),('16204','경상북도 포항시 북구 항구동 344-4','경희대석사태권도체육관 앞','학전로'),('16205','경상북도 포항시 북구 학산동 44-3','-','학전로'),('16206','경상북도 포항시 북구 학산동 157-4','-','항도길'),('16207','경상북도 포항시 북구 학산동 149-2','이공간 앞','항도길'),('16208','경상북도 포항시 북구 학산동 174-1','항도초등학교 앞','항도길'),('16209','경상북도 포항시 북구 학산동 205-1','포항중학교 앞','학산로'),('16210','경상북도 포항시 북구 학산동 212-20','라미야 전자담배 앞','학산로'),('16211','경상북도 포항시 북구 덕수동 54-14','-','용당로'),('16212','경상북도 포항시 북구 덕수동 55-3','경찰문화센터 앞','중앙로'),('16213','경상북도 포항시 북구 덕수동 46-5','손수의과 동물병원','중앙로'),('16214','경상북도 포항시 북구 장성동 1494-11','-','법원로'),('16215','경상북도 포항시 북구 장성동 1496-1','경성홈타운 스위트아파트 앞','법원로'),('16216','경상북도 포항시 북구 양덕동 664-1','-','장량중앙로'),('16217','경상북도 포항시 북구 양덕동 694-16','쿠쿠정수기 앞','장량주택로'),('16218','경상북도 포항시 북구 양덕동 1200','용인대미르태권도 앞','장량로'),('16219','경상북도 포항시 북구 장성동 1430-6','우리아이유치원 앞','양덕남로'),('16220','경상북도 포항시 북구 장성동 1440-1','재능어린이집 앞','양덕남로'),('16221','경상북도 포항시 북구 장성동 1607-1','꽃무지풀무지 어린이집 앞','성실로'),('16222','경상북도 포항시 북구 장성동 1356-9','커피토로토로 앞','삼흥로'),('16223','경상북도 포항시 북구 두호동 1085-3','용정훼미리타운 앞','용두산길'),('16224','경상북도 포항시 북구 장성동 866-90','오남매쭈꾸미 앞','삼흥로'),('16225','경상북도 포항시 북구 장성동 866-87','계림임업 앞','삼흥로'),('16226','경상북도 포항시 북구 장성동 871-7','가나가스 앞','삼흥로'),('16227','경상북도 포항시 북구 장성동 866-147','수라상 앞','삼흥로'),('16228','경상북도 포항시 북구 장성동 1422-1','-','천마로'),('16229','경상북도 포항시 북구 장성동 1420-11','성환도로안전공사 앞','천마로');
/*!40000 ALTER TABLE `speedBumps` ENABLE KEYS */;
UNLOCK TABLES;

--
-- Table structure for table `speedCamera`
--

DROP TABLE IF EXISTS `speedCamera`;
/*!40101 SET @saved_cs_client     = @@character_set_client */;
/*!40101 SET character_set_client = utf8 */;
CREATE TABLE `speedCamera` (
  `ID` int(11) NOT NULL,
  `roadnumber` varchar(255) DEFAULT NULL,
  `roadname` varchar(255) DEFAULT NULL,
  `address` varchar(255) DEFAULT NULL,
  `name` varchar(255) DEFAULT NULL,
  PRIMARY KEY (`ID`)
) ENGINE=InnoDB DEFAULT CHARSET=utf8;
/*!40101 SET character_set_client = @saved_cs_client */;

--
-- Dumping data for table `speedCamera`
--

LOCK TABLES `speedCamera` WRITE;
/*!40000 ALTER TABLE `speedCamera` DISABLE KEYS */;
INSERT INTO `speedCamera` VALUES (18000,'101번','대해로','경상북도 포항시 남구 대해로 101','대도사거리'),(18001,'85번','중흥로','경상북도 포항시 남구 중흥로 85','시외버스터미널'),(18002,'139번','포스코대로','경상북도 포항시 남구 포스코대로 139','이동사거리'),(18003,'101번','상대로','경상북도 포항시 남구 상대로 101','원산면옥사거리'),(18004,'123번','문예로','경상북도 포항시 남구 문예로 123','대해성당앞'),(18005,'103번','중앙로','경상북도 포항시 남구 중앙로 103','등외과사거리'),(18006,'62번','대송로','경상북도 포항시 남구 대송로 62','신기동사거리'),(18007,'78번','상대로','경상북도 포항시 남구 상대로 78','쌍용사거리 중간지점'),(18008,'51번','동문로','경상북도 포항시 남구 연일읍 동문로 51','영일고등학교'),(18009,'18번','대이로','경상북도 포항시 남구 대이로 18','UA컨벤션앞'),(18010,'169-2번','대이로','경상북도 포항시 남구 대이로 169-2','이동중학교 사거리'),(18011,'12번','원동로','경상북도 포항시 남구 오천읍 원동로 12','구룡포횟집사거리'),(18012,'224번','호미로','경상북도 포항시 남구 구룡포읍 호미로 225','참마트앞 사거리'),(18013,'63번','효성로','경상북도 포항시 남구 효성로 63','효자풍림아이원사거리'),(18014,'160번','대이로','경상북도 포항시 남구 대이로 160','이동경성홈타운3차102동앞'),(18015,'28번','효성로','경상북도 포항시 남구 효성로 28','효자초등학교 인근사거리'),(18016,'185번','대이로','경상북도 포항시 남구 대이로 185','이동이마트 맞은편'),(18017,'35번','충무로','경상북도 포항시 남구 오천읍 충무로 35','세븐일레븐 앞'),(18018,'302-62번','냉천로','경상북도 포항시 남구 오천읍 냉천로 302번길62','미니미니마트앞'),(18019,'142-12번','대이로','경상북도 포항시 남구 대이로 143번길12','GS포항이동점'),(18020,'255번','호미로','경상북도 포항시 남구 구룡포읍 호미로 255','거제숯불갈비앞'),(18021,'659-40번','희망대로','경상북도 포항시 남구 희망대로659번길 40','시외버스터미널 후문'),(18022,'12번','중섬로','경상북도 포항시 남구 중섬로 12','시외버스터미널 후문'),(18023,'17번','원동로','경상북도 포항시 남구 오천읍 원동로 17','원동초등학교 사거리'),(18024,'11번','상도남로','경상북도 포항시 남구 상도남로 11','포항자이아파트 후문앞'),(18025,'61번','구룡포길','경상북도 포항시 남구 구룡포읍 구룡포길 61','구룡포초등학교앞'),(18026,'6번','대잠동길','경상북도 포항시 남구 대이동 733-1','성모병원사택앞'),(18027,'55번','불종로','경상북도 포항시 북구 불종로 55','국민은행사거리'),(18028,'1037번','새천년대로','경상북도 포항시 북구 새천년대로 1037','창포사거리'),(18029,'243번','중앙로','경상북도 포항시 북구 중앙로 243 (죽도동)','죽도시장 개풍약국 맞은편'),(18030,'205번','중흥로','경상북도 포항시 북구 중흥로 205 (죽도동)','삼성생명사거리'),(18031,'42번','용두산길','경상북도 포항시 북구 용두산길 42 (두호동)','ABC볼링장'),(18032,'203번','해동로','경상북도 포항시 북구 해동로 203 (동빈동)','죽도어시장 삼거리'),(18033,'57-1번','해안로','경상북도 포항시 북구 해안로 57-1 (항구동)','영일대해수욕장1(입구)'),(18034,'81번','해안로','경상북도 포항시 북구 해안로 81 (두호동)','영일대해수욕장2(바다시청 앞)'),(18035,'93번','해안로','경상북도 포항시 북구 해안로 93 (항구동)','영일대해수욕장3(갤럭시호텔 앞)'),(18036,'105번','해안로','경상북도 포항시 북구 해안로 105 (두호동)','영일대해수욕장4(엔비치모텔 앞)'),(18037,'254번','삼호로','경상북도 포항시 북구 삼호로 254 (두호동)','영일대해수욕장5(세계맥주아울렛)'),(18038,'272번','포스코대로','경상북도 포항시 북구 포스코대로 272 (죽도동)','청암광장(구. 오광장) 부근'),(18039,'32번','불종로','경상북도 포항시 북구 불종로 32 (대흥동)','신흥사거리'),(18040,'131번','중흥로','경상북도 포항시 북구 중흥로 131 (죽도동)','쌍용 사거리'),(18041,'25번','칠성로','경상북도 포항시 북구 칠성로 25 (남빈동)','남빈사거리'),(18042,'161번','해동로','경상북도 포항시 북구 해동로 161 (죽도동)','송도교사거리'),(18043,'85번','용당로','경상북도 포항시 북구 용당로 85 (대흥동)','구)포항역사거리'),(18044,'69번','학산로','경상북도 포항시 북구 학산로 69 (학산동)','롯데백화점앞(항도초등학교 입구)'),(18045,'1123-6번','새천년대로','경상북도 포항시 북구 새천년대로1123번길 6','장성초등학교 사거리'),(18046,'24번','환호로','경상북도 포항시 북구 환호로 24 (환호동)','해맞이공원사거리'),(18047,'265-1번','삼호로','경상북도 포항시 북구 삼호로265번길 1 (두호동)','두호동주민센터앞(영일대교차로)'),(18048,'606번','새천년대로','경상북도 포항시 북구 새천년대로 606 (용흥동)','남부초등학교앞'),(18049,'171번','장량로','경상북도 포항시 북구 장량로 171 (양덕동)','양덕농협하나로클럽(앞)'),(18050,'171번','장량로','경상북도 포항시 북구 장량로 171 (양덕동)','양덕농협하나로클럽(뒤)'),(18051,'60번','양덕로','경상북도 포항시 북구 양덕로 60 (양덕동)','양덕 풍림아이원 사거리'),(18052,'187번','해동로','경상북도 포항시 북구 해동로 187 (죽도동)','죽도영포회센터 앞'),(18053,'1번','포항역로','경상북도 포항시 북구 흥해읍 포항역로 1','ktx 포항역(진입)'),(18054,'1번','포항역로','경상북도 포항시 북구 흥해읍 포항역로 1','ktx 포항역(출구)'),(18055,'20번','득량길','경상북도 포항시 북구 득량길 20 (양학동)','양학도뮤토(정문)'),(18056,'87번','천마로','경상북도 포항시 북구 천마로 87 (양덕동)','남광하우스토리 사거리'),(18057,'226번','중앙로','경상북도 포항시 북구 중앙로 226 (죽도동)','죽도동 오거리부근'),(18058,'241-11번','소티재로','경상북도 포항시 북구 우현동 241-11','중앙고 입구'),(18059,'36번','우창동로','경상북도 포항시 북구 우창동 산16-1','우현동 여성문화관앞 사거리'),(18060,'13-5번','우창동로','경상북도 포항시 북구 우창동로 66','중앙초등학교 앞'),(18061,'646번','새천년대로','경상북도 포항시 북구 새천년대로1075번길 32','창포초등학교 앞'),(18062,'505-2번','삼호로','경상북도 포항시 북구 삼호로 470','항구초등학교 앞'),(18063,'14번','죽도시장길','경상북도 포항시 북구 죽도시장14길 14','죽도시장 과메기거리'),(18064,'1번','포항역로','경상북도 포항시 북구 흥해읍 포항역로 1','포항역 입구 앞 삼거리'),(18065,'1번','포항역로','경상북도 포항시 북구 흥해읍 포항역로 1','포항역 입구 앞'),(18066,'1번','포항역로','경상북도 포항시 북구 흥해읍 포항역로 1','포항역 직원주차장 입구');
/*!40000 ALTER TABLE `speedCamera` ENABLE KEYS */;
UNLOCK TABLES;

--
-- Table structure for table `towedCarStorage`
--

DROP TABLE IF EXISTS `towedCarStorage`;
/*!40101 SET @saved_cs_client     = @@character_set_client */;
/*!40101 SET character_set_client = utf8 */;
CREATE TABLE `towedCarStorage` (
  `name` varchar(255) COLLATE utf8mb4_unicode_ci DEFAULT NULL,
  `address` varchar(255) COLLATE utf8mb4_unicode_ci DEFAULT NULL,
  `latitude` float DEFAULT NULL,
  `longitude` float DEFAULT NULL,
  `phoneNumber` varchar(255) COLLATE utf8mb4_unicode_ci DEFAULT NULL,
  `ID` int(11) NOT NULL,
  PRIMARY KEY (`ID`)
) ENGINE=InnoDB DEFAULT CHARSET=utf8mb4 COLLATE=utf8mb4_unicode_ci;
/*!40101 SET character_set_client = @saved_cs_client */;

--
-- Dumping data for table `towedCarStorage`
--

LOCK TABLES `towedCarStorage` WRITE;
/*!40000 ALTER TABLE `towedCarStorage` DISABLE KEYS */;
INSERT INTO `towedCarStorage` VALUES ('포항시 불법주차차량 견인사무소','경상북도 포항시 남구 상도동 121-1번지',36.004,129.354,'054-243-8300',8000);
/*!40000 ALTER TABLE `towedCarStorage` ENABLE KEYS */;
UNLOCK TABLES;

--
-- Table structure for table `trafficLight`
--

DROP TABLE IF EXISTS `trafficLight`;
/*!40101 SET @saved_cs_client     = @@character_set_client */;
/*!40101 SET character_set_client = utf8 */;
CREATE TABLE `trafficLight` (
  `ID` int(11) NOT NULL,
  `address` text COLLATE utf8mb4_unicode_ci,
  `latitude` double DEFAULT NULL,
  `longitude` double DEFAULT NULL,
  `name` text COLLATE utf8mb4_unicode_ci,
  PRIMARY KEY (`ID`)
) ENGINE=InnoDB DEFAULT CHARSET=utf8mb4 COLLATE=utf8mb4_unicode_ci;
/*!40101 SET character_set_client = @saved_cs_client */;

--
-- Dumping data for table `trafficLight`
--

LOCK TABLES `trafficLight` WRITE;
/*!40000 ALTER TABLE `trafficLight` DISABLE KEYS */;
INSERT INTO `trafficLight` VALUES (13000,'경상북도 포항시 남구 대잠동 133-4',36.004298,129.203268,'새천년대로'),(13001,'경상북도 포항시 남구 대잠동 471-4',36.013106,129.201785,'희망대로'),(13002,'경상북도 포항시 남구 대도동 422-2',36.003109,129.212349,'섬안로'),(13003,'경상북도 포항시 남구 해도동 218-8',36.004341,129.221567,'희망대로'),(13004,'경상북도 포항시 남구 대잠동 107-5',36.003231,129.202204,'새천년대로'),(13005,'경상북도 포항시 남구 해도동 81-18',36.010518,129.221124,'중앙로'),(13006,'경상북도 포항시 남구 대도동 135-17',36.010398,129.213863,'포스코대로'),(13007,'경상북도 포항시 남구 상도동 663',36.004564,129.205971,'중흥로'),(13008,'경상북도 포항시 남구 송내동 500-1',36.002974,129.223691,'동해안로'),(13009,'경상북도 포항시 남구 동촌동 1027-2',36.001206,129.225269,'동해안로'),(13010,'경상북도 포항시 남구 동촌동 1050-2',35.593493,129.240139,'동해안로'),(13011,'경상북도 포항시 남구 청림동 958-2',35.594262,129.241091,'동해안로'),(13012,'경상북도 포항시 남구 대잠동 1008',36.010124,129.202583,'시청로'),(13013,'경상북도 포항시 남구 대잠동 1008-4',36.011056,129.202994,'시청로'),(13014,'경상북도 포항시 남구 대잠동 471-3',36.012317,129.202105,'희망대로'),(13015,'경상북도 포항시 남구 이동 663-1',36.014298,129.201272,'희망대로'),(13016,'경상북도 포항시 남구 상도동 455-76',36.003618,129.205226,'희망대로'),(13017,'경상북도 포항시 남구 오천읍 원리 955',35.582486,129.235988,'냉천로'),(13018,'경상북도 포항시 남구 오천읍 문덕리 1187-9',35.574308,129.245199,'철강로'),(13019,'경상북도 포항시 남구 해도동 485-5',36.014001,129.221981,'해동로'),(13020,'경상북도 포항시 남구 해도동 481',36.013166,129.220454,'중앙로'),(13021,'경상북도 포항시 남구 청림동 23-5',35.594164,129.244773,'동해안로'),(13022,'경상북도 포항시 남구 송도동 378-438',36.015288,129.225106,'희망대로'),(13023,'경상북도 포항시 남구 이동 663-1',36.014315,129.201264,'희망대로'),(13024,'경상북도 포항시 북구 죽도동 59',36.015089,129.214435,'중앙로'),(13025,'경상북도 포항시 북구 죽도동 689',36.011607,129.211545,'포스코대로'),(13026,'경상북도 포항시 북구 덕산동 129-1',36.022696,129.215995,'중앙로'),(13027,'경상북도 포항시 북구 우현동 174-2',36.030956,129.213741,'새천년대로'),(13028,'경상북도 포항시 북구 우현동 467-6',36.030198,129.213205,'새천년대로'),(13029,'경상북도 포항시 북구 남빈동 989-122',36.021016,129.215382,'중앙로'),(13030,'경상북도 포항시 북구 상원동 469',36.021775,129.215663,'중앙로'),(13031,'경상북도 포항시 북구 용흥동 1',36.024481,129.212984,'새천년대로'),(13032,'경상북도 포항시 북구 두호동 1003',36.034624,129.225486,'삼호로'),(13033,'경상북도 포항시 북구 흥해읍 성곡리 1346-12',36.044275,129.203364,'소티재로'),(13034,'경상북도 포항시 북구 장성동 1595-1',36.050096,129.224804,'삼흥로'),(13035,'경상북도 포항시 북구 흥해읍 남송리 680-2',36.060854,129.220296,'삼흥로'),(13036,'경상북도 포항시 북구 장성동 450-1',36.042091,129.224626,'새천년대로'),(13037,'경상북도 포항시 북구 청하면 필화리 781',36.120658,129.220731,'동해대로'),(13038,'경상북도 포항시 북구 학산동 337',36.032962,129.221034,'새천년대로'),(13039,'경상북도 포항시 북구 두호동 1059',36.034124,129.221421,'새천년대로'),(13040,'경상북도 포항시 북구 창포동 652-1',36.035282,129.221744,'새천년대로'),(13041,'경상북도 포항시 북구 죽도동 59',36.013848,129.214158,'중흥로'),(13042,'경상북도 포항시 북구 죽도동 680',36.012679,129.213151,'중흥로'),(13043,'경상북도 포항시 북구 죽도동 59',36.014761,129.214939,'중흥로'),(13044,'경상북도 포항시 북구 환호동 517',36.043488,129.234938,'새천년대로'),(13045,'경상북도 포항시 북구 장성동 1595-2',36.045025,129.230769,'새천년대로'),(13046,'경상북도 포항시 북구 양덕동 2200',36.051024,129.234809,'천마로'),(13047,'경상북도 포항시 북구 장성동 1465-2',36.042946,129.231161,'새천년대로'),(13048,'경상북도 포항시 북구 장성동 1465-2',36.043364,129.233374,'새천년대로'),(13049,'경상북도 포항시 북구 장성동 1465-2',36.043131,129.232101,'새천년대로');
/*!40000 ALTER TABLE `trafficLight` ENABLE KEYS */;
UNLOCK TABLES;

--
-- Table structure for table `transportationSupportCenter`
--

DROP TABLE IF EXISTS `transportationSupportCenter`;
/*!40101 SET @saved_cs_client     = @@character_set_client */;
/*!40101 SET character_set_client = utf8 */;
CREATE TABLE `transportationSupportCenter` (
  `name` text COLLATE utf8mb4_unicode_ci,
  `address` text COLLATE utf8mb4_unicode_ci,
  `latitude` double DEFAULT NULL,
  `longitude` double DEFAULT NULL,
  `ID` int(11) NOT NULL AUTO_INCREMENT,
  PRIMARY KEY (`ID`)
) ENGINE=InnoDB AUTO_INCREMENT=3001 DEFAULT CHARSET=utf8mb4 COLLATE=utf8mb4_unicode_ci;
/*!40101 SET character_set_client = @saved_cs_client */;

--
-- Dumping data for table `transportationSupportCenter`
--

LOCK TABLES `transportationSupportCenter` WRITE;
/*!40000 ALTER TABLE `transportationSupportCenter` DISABLE KEYS */;
INSERT INTO `transportationSupportCenter` VALUES ('포항시교통약자이동지원센터','경상북도 포항시 남구 희망대로 810 포항종합운동장 167호',36.008952,129.363876,3000);
/*!40000 ALTER TABLE `transportationSupportCenter` ENABLE KEYS */;
UNLOCK TABLES;

--
-- Table structure for table `wheelchairCharger`
--

DROP TABLE IF EXISTS `wheelchairCharger`;
/*!40101 SET @saved_cs_client     = @@character_set_client */;
/*!40101 SET character_set_client = utf8 */;
CREATE TABLE `wheelchairCharger` (
  `name` varchar(255) COLLATE utf8mb4_unicode_ci DEFAULT NULL,
  `address` varchar(255) COLLATE utf8mb4_unicode_ci DEFAULT NULL,
  `latitude` float DEFAULT NULL,
  `longitude` float DEFAULT NULL,
  `phoneNumber` varchar(255) COLLATE utf8mb4_unicode_ci DEFAULT NULL,
  `startTime` time DEFAULT NULL,
  `endTime` time DEFAULT NULL,
  `location` varchar(255) COLLATE utf8mb4_unicode_ci DEFAULT NULL,
  `ID` int(11) NOT NULL,
  PRIMARY KEY (`ID`)
) ENGINE=InnoDB DEFAULT CHARSET=utf8mb4 COLLATE=utf8mb4_unicode_ci;
/*!40101 SET character_set_client = @saved_cs_client */;

--
-- Dumping data for table `wheelchairCharger`
--

LOCK TABLES `wheelchairCharger` WRITE;
/*!40000 ALTER TABLE `wheelchairCharger` DISABLE KEYS */;
INSERT INTO `wheelchairCharger` VALUES ('포항KTX역사','경상북도 포항시 북구 흥해읍 포항역로1',36.0716,129.342,'054-270-2973','00:00:00','23:59:00','열차 타는곳 입구 우측편, 화장실옆',9000),('포항여객선터미널','경상북도 포항시 북구 해안로 44',36.0515,129.379,'054-270-2973','06:00:00','20:00:00','대합실 안쪽 정수기 옆',9001),('포항시청','경상북도 포항시 남구 시청로1',36.0187,129.344,'054-270-2973','09:00:00','18:00:00','1층 구두수선집 옆 출입문 엘리베이터 앞',9002),('포항시 남구청','경상북도 포항시 남구 희망대로 790',36.0078,129.359,'054-270-2973','09:00:00','18:00:00','남구청 종합민원실 토지정보과 앞',9003),('포항시 북구청','경상북도 포항시 북구 중앙로 325',36.0415,129.366,'054-270-2973','09:00:00','18:00:00','북구청 종합민원실 출입문 민원서류발급기 근처',9004),('오천읍행정복지센터','경상북도 포항시 남구 오천읍 세계길 5',35.9632,129.414,'054-270-2973','09:00:00','18:00:00','종합민원실 들어가기 전 왼쪽',9005),('장량동행정복지센터','경상북도 포항시 북구 장량로 50',36.082,129.386,'054-270-2973','09:00:00','18:00:00','행정복지센터 출입문 후 좌측',9006),('구룡포읍행정복지센터','경상북도 포항시 남구 구룡포읍 호미로 133',35.9851,129.546,'054-270-2973','09:00:00','18:00:00','행정복지센터 정문(출입문) 우측 (자판기 근처)',9007),('죽도동행정복지센터','경상북도 포항시 북구 죽도로 40번길28',36.0312,129.363,'054-270-2973','09:00:00','18:00:00','행정복지센터 종합민원실 중앙 출입문 근처',9008),('효곡동행정복지센터','경상북도 포항시 남구 효자동길 30',36.0103,129.329,'054-270-2973','09:00:00','18:00:00','행정복지센터 안 민원실쪽',9009),('포항장애인종합복지관','경상북도 포항시 남구 형산강북로 389',36.0097,129.368,'054-270-2973','09:00:00','18:00:00','복지관 1층 휠체어 충전실 안',9010),('북부장애인종합복지관','경상북도 포항시 북구 새천년대로 1486',36.0788,129.41,'054-270-2973','09:00:00','18:00:00','복지관 1층 로비 남자화장실 출입구 오른쪽 벽면',9011),('학산종합사회복지관','경상북도 포항시 북구 장미길 31',36.0517,129.363,'054-270-2973','00:00:00','23:59:00','복지관 출입문 입구',9012),('창포종합사회복지관','경상북도 포항시 북구 새천년대로 1075번길10',36.0669,129.371,'054-270-2973','09:00:00','18:00:00','복지관 입구',9013),('포항시노인복지회관','경상북도 포항시 북구 삼호로 355',36.0675,129.388,'054-270-2973','09:00:00','18:00:00','노인복지회관 주출입문 안쪽 제세동기 옆공간',9014),('포항명도학교','경상북도 포항시 북구 소티재로 133',36.0628,129.352,'054-270-2973','09:00:00','17:00:00','학교기업 1층 생활요리실 다빈 공방 복도 중앙',9015),('포은도서관','경상북도 포항시 북구 삼호로31',36.0439,129.368,'054-270-2973','09:00:00','22:00:00','도서관 1층 로비 안내데스크 옆',9016),('해도근린공원 내 장애인파크골프장','경상북도 포항시 남구 형산강북로 371',36.0087,129.366,'054-270-2973','09:00:00','18:00:00','해도근린공원 내',9017),('포항의료원','경상북도 포항시 북구 용흥로 36',36.0351,129.354,'054-270-2973','00:00:00','23:59:00','햇살병동 1층 외래정형외과 로비',9018),('포항세명기독병원','경상북도 포항시 남구 포스코대로 351',36.0181,129.362,'054-270-2973','00:00:00','23:59:00','정형성형센터 출입구(도로측) 세기의료기 상사 앞',9019),('흥해종합복지문화센터','경상북도 포항시 북구 흥해읍 한동로 52',36.1101,129.347,'054-270-2973','09:00:00','18:00:00','복지센터 출입구 앞',9020),('환호해맞이공원','경상북도 포항시 북구 환호공원길 30',36.0677,129.393,'054-270-2973','00:00:00','23:59:00','환호공원사업소 앞 1층 현관 앞(환호어린이작은도서관 앞)',9021);
/*!40000 ALTER TABLE `wheelchairCharger` ENABLE KEYS */;
UNLOCK TABLES;
/*!40103 SET TIME_ZONE=@OLD_TIME_ZONE */;

/*!40101 SET SQL_MODE=@OLD_SQL_MODE */;
/*!40014 SET FOREIGN_KEY_CHECKS=@OLD_FOREIGN_KEY_CHECKS */;
/*!40014 SET UNIQUE_CHECKS=@OLD_UNIQUE_CHECKS */;
/*!40101 SET CHARACTER_SET_CLIENT=@OLD_CHARACTER_SET_CLIENT */;
/*!40101 SET CHARACTER_SET_RESULTS=@OLD_CHARACTER_SET_RESULTS */;
/*!40101 SET COLLATION_CONNECTION=@OLD_COLLATION_CONNECTION */;
/*!40111 SET SQL_NOTES=@OLD_SQL_NOTES */;

-- Dump completed on 2020-06-15 12:16:36
